global_signal	global_signal_derivative1	global_signal_derivative1_power2	global_signal_power2	csf	csf_derivative1	csf_power2	csf_derivative1_power2	white_matter	white_matter_derivative1	white_matter_derivative1_power2	white_matter_power2	csf_wm	tcompcor	std_dvars	dvars	framewise_displacement	rmsd	t_comp_cor_00	t_comp_cor_01	t_comp_cor_02	t_comp_cor_03	a_comp_cor_00	a_comp_cor_01	a_comp_cor_02	a_comp_cor_03	a_comp_cor_04	a_comp_cor_05	a_comp_cor_06	a_comp_cor_07	a_comp_cor_08	a_comp_cor_09	a_comp_cor_10	a_comp_cor_11	a_comp_cor_12	non_steady_state_outlier00	non_steady_state_outlier01	trans_x	trans_x_derivative1	trans_x_derivative1_power2	trans_x_power2	trans_y	trans_y_derivative1	trans_y_derivative1_power2	trans_y_power2	trans_z	trans_z_derivative1	trans_z_derivative1_power2	trans_z_power2	rot_x	rot_x_derivative1	rot_x_derivative1_power2	rot_x_power2	rot_y	rot_y_derivative1	rot_y_derivative1_power2	rot_y_power2	rot_z	rot_z_derivative1	rot_z_power2	rot_z_derivative1_power2	motion_outlier00	motion_outlier01	motion_outlier02	motion_outlier03	motion_outlier04	motion_outlier05	motion_outlier06	motion_outlier07	motion_outlier08
945.733980688904	n/a	n/a	894412.7622296803	1410.46215622806	n/a	1989403.4941515082	n/a	912.5674609571	n/a	n/a	832779.3707976883	910.8648579197355	1209.5505238754802	n/a	n/a	n/a	n/a	0.0	0.0	0.0	0.0	0.0	0.0	0.0	0.0	0.0	0.0	0.0	0.0	0.0	0.0	0.0	0.0	0.0	1.0	0.0	0.046818300000000014	n/a	n/a	0.0021919532148900007	-0.0113943	n/a	n/a	0.00012983007249	-0.0194455	n/a	n/a	0.00037812747025	0.00037786	n/a	n/a	1.427781796e-07	0.000207761	n/a	n/a	4.3164633120999995e-08	0.0	n/a	0.0	n/a	0.0	0.0	0.0	0.0	0.0	0.0	0.0	0.0	0.0
942.389949482032	-3.344031206872047	11.182544712534114	888098.8168847469	1570.5529335067115	160.09077727865156	2466636.516946537	25629.056969682817	870.6778937104907	-41.88956724660932	1754.7358441082044	758079.9945961366	869.0913923715929	1279.4755371093113	1.582001	76.228775	0.21481222	0.114483	0.0	0.0	0.0	0.0	0.0	0.0	0.0	0.0	0.0	0.0	0.0	0.0	0.0	0.0	0.0	0.0	0.0	0.0	1.0	-0.0473293	-0.09414760000000001	0.008863770585760001	0.00224006263849	0.00767457	0.01906887	0.00036362180307690007	5.889902468490001e-05	0.01263	0.0320755	0.00102883770025	0.00015951689999999996	-0.000382003	-0.0007598629999999999	5.773917787689999e-07	1.45926292009e-07	-0.000328825	-0.0005365859999999999	2.8792453539599985e-07	1.08125880625e-07	9.3956e-05	9.3956e-05	8.827729936000002e-09	8.827729936000002e-09	1.0	0.0	0.0	0.0	0.0	0.0	0.0	0.0	0.0
952.9624165282596	10.572467046227645	111.77705944356948	908137.36731538	1595.7775120819815	25.224578575270012	2546505.8680665586	636.2793642999711	871.037869256351	0.3599755458602658	0.12958239361739635	758706.9696786441	869.4566795185228	1334.7811861645512	1.233902	59.45562	0.21446923	0.114662	-0.17519490850000002	-0.024586311800000003	-0.1067029223	-0.2549820493	-0.1708444297	-0.1900196475	-0.0439443937	-0.112225785	-0.1514346209	-0.1272761449	-0.1092761407	0.013344789499999999	-0.1122828476	-0.15724655380000002	0.1301432264	-0.09983856810000001	0.023235366099999998	0.0	0.0	0.0396494	0.08697869999999999	0.007565294253689998	0.00157207492036	0.0307653	0.023090730000000004	0.0005331818119329001	0.0009465036840900002	-0.0242576	-0.0368876	0.00136069503376	0.00058843115776	0.000280288	0.0006622910000000001	4.38629368681e-07	7.856136294400001e-08	0.000119342	0.000448167	2.00853659889e-07	1.4242512964000002e-08	0.000333742	0.000239786	1.1138372256400001e-07	5.749732579599997e-08	0.0	0.0	0.0	0.0	0.0	0.0	0.0	0.0	0.0
966.3422233626193	13.37980683435967	179.01923092477773	933817.2926534105	1734.9693990176957	139.19188693571414	3010118.8155278238	19374.381388724632	870.9846764913452	-0.05319276500574688	0.0028294702489566103	758614.3066827335	869.4345031102777	1422.9963948530594	1.335779	64.36455500000001	0.26041869999999995	0.122304	0.059730716600000004	0.1016214693	0.0548155769	-0.2003203819	0.059867613099999994	0.008528402099999999	-0.1354563661	-0.0952275496	-0.1885064546	-0.2002503569	-0.08633590140000001	0.1087787891	-0.0948050931	-0.1970237085	0.19994150530000002	-0.075645847	0.1096928882	0.0	0.0	-0.0535559	-0.0932053	0.008687227948089998	0.00286823442481	0.0579045	0.027139199999999995	0.0007365361766399997	0.00335293112025	0.0311407	0.055398300000000004	0.00306897164289	0.00096974319649	-0.00035796900000000003	-0.0006382569999999999	4.07371998049e-07	1.2814180496100005e-07	-0.000613297	-0.000732639	5.36759904321e-07	3.76133210209e-07	0.000656364	0.000322622	4.30813700496e-07	1.0408495488400001e-07	0.0	0.0	0.0	0.0	0.0	0.0	0.0	0.0	0.0
961.8015073323779	-4.540716030241357	20.618102067290817	925062.1395068342	1629.6320414571371	-105.33735756055852	2655700.5905437563	11095.958897840957	867.0670591190362	-3.9176173723089964	15.347725875817243	751805.2850093342	865.3191739250829	1383.976030140921	1.2249450000000002	59.023991	0.208709	0.127093	-0.1363815197	0.0199507397	-0.026989584599999998	-0.1189085916	-0.16064297460000002	-0.0689814695	-0.0608295762	-0.08758399480000001	0.0246192136	-0.0717000257	-0.1830130439	0.1218517855	-0.0885270506	0.019503549199999998	0.0835425895	-0.17886346690000002	0.1296768768	0.0	0.0	0.0379632	0.0915191	0.008375745664809999	0.0014412045542399993	0.052557900000000005	-0.005346599999999993	2.8586131559999928e-05	0.0027623328524100004	-0.0161195	-0.0472602	0.0022335265040399994	0.00025983828024999994	0.000380772	0.000738741	5.457382650810001e-07	1.4498731598399998e-07	-0.0005002219999999999	0.00011307500000000002	1.2785955625000006e-08	2.5022204928399987e-07	0.00109621	0.000439846	1.2016763641e-06	1.9346450371600004e-07	0.0	0.0	0.0	0.0	0.0	0.0	0.0	0.0	0.0
972.7638212445952	10.962313912217267	120.17232630999227	946269.4519223869	1844.7213265458508	215.0892850887137	3402996.772613084	46263.40055997396	873.5247968496875	6.4577377306512735	41.70237659787707	763045.5707112878	872.0122027312282	1512.6857671116422	1.380607	66.524597	0.2480652	0.170021	0.1880013249	0.0315833495	-0.1025534964	-0.1100745117	0.2235229379	-0.0068772592	0.0745401833	-0.1012472224	-0.362098839	0.1054246524	-0.25112426120000003	-0.0397607566	-0.0999289434	-0.36301723950000003	-0.1002938452	-0.25133772579999997	-0.0400878068	0.0	0.0	-0.130454	-0.1684172	0.02836435325584	0.017018246116	0.0797007	0.027142799999999998	0.0007367315918399997	0.00635220158049	-0.028427800000000007	-0.012308300000000005	0.00015149424889000012	0.0008081398128400003	-0.000149165	-0.000529937	2.80833223969e-07	2.2250197225000003e-08	-0.000646573	-0.00014635100000000008	2.1418615201000023e-08	4.18056644329e-07	0.00122386	0.00012765	1.4978332996e-06	1.6294522499999996e-08	0.0	0.0	0.0	0.0	0.0	0.0	0.0	0.0	0.0
965.6450423705684	-7.118778874026816	50.6770126572905	932470.3478548569	1701.3363502773307	-143.38497626852018	2894545.376774988	20559.25141952409	867.865463493061	-5.659333356626463	32.028054041424944	753190.4627240256	866.0871154611227	1442.440131442634	1.339449	64.541382	0.24053920999999995	0.137424	-0.06754477980000001	0.038483149	0.026858425699999997	0.035299597200000005	-0.0814824247	0.1075437124	0.0503767174	-0.0817735326	-0.057936779800000004	-0.1617718336	-0.1248942314	0.06377408650000001	-0.0824317678	-0.0632883556	0.1666329386	-0.11488070560000001	0.0733007209	0.0	0.0	-0.0215633	0.1088907	0.01185718454649	0.0004649759068899999	0.057492	-0.022208700000000005	0.0004932263556900002	0.0033053300639999997	0.00710171	0.03552951	0.0012623460808401	5.04342849241e-05	0.000465177	0.0006143419999999999	3.7741609296400006e-07	2.16389641329e-07	-0.000482599	0.00016397400000000003	2.6887472675999998e-08	2.32901794801e-07	0.00192375	0.0006998899999999999	3.7008140625e-06	4.898460120999999e-07	0.0	0.0	0.0	0.0	0.0	0.0	0.0	0.0	0.0
972.5077478696572	6.862705499088861	47.096726767224496	945771.3196665128	1802.838984743378	101.50263446604731	3250228.4049105337	10302.784803548016	873.9982324723056	6.132768979244587	37.610855352784704	763872.9103647146	872.7317840643068	1483.5131888062824	1.259233	60.676178	0.14976683	0.0908793	0.0722949653	-0.0218165011	-0.20286419320000001	-0.1684621762	0.1433481545	-0.1938434241	0.0992279532	-0.0860364333	-0.2876932085	-0.1433050059	-0.1049366714	0.0577018694	-0.08435745039999999	-0.2941964341	0.1403682698	-0.09165835929999999	0.0552442962	0.0	0.0	-0.11283000000000006	-0.09126670000000006	0.008329610528890011	0.012730608900000013	0.0784586	0.02096660000000001	0.0004395983155600004	0.006155751913960001	-0.00648007	-0.01358178	0.0001844647479684	4.19913072049e-05	0.000260103	-0.000205074	4.2055345476000014e-08	6.765357060899997e-08	-0.00055982	-7.722100000000004e-05	5.963082841000006e-09	3.1339843240000005e-07	0.00212049	0.00019674000000000013	4.4964778401e-06	3.8706627600000064e-08	0.0	0.0	0.0	0.0	0.0	0.0	0.0	0.0	0.0
960.1711434890747	-12.336604380582573	152.1918076430091	921928.6247891171	1705.2315384452866	-97.60744629809143	2907814.599708479	9527.2135728348	866.5063317702834	-7.491900702022235	56.12857612896126	750833.2229979923	864.9444795927109	1410.8710202744787	1.169861	56.36977	0.13848001999999998	0.0966637	-0.0447031241	0.1105910675	0.0923215843	-0.1174121307	-0.0268788174	0.06615869099999999	-0.11081254369999999	-0.0686490978	-0.044810738499999996	-0.122247677	-0.1354240422	0.0767908099	-0.0684498416	-0.0511074496	0.128102203	-0.12729201980000002	0.0805083663	0.0	0.0	-0.039006	0.07382400000000006	0.005449982976000008	0.001521468036	0.0642448	-0.0142138	0.00020203211044	0.0041273943270400005	-0.0046932	0.0017868700000000003	3.192904396900001e-06	2.202612624e-05	0.000584109	0.000324006	1.0497988803600001e-07	3.4118332388099995e-07	-0.0005726209999999999	-1.2800999999999893e-05	1.6386560099999727e-10	3.27894809641e-07	0.00275679	0.0006362999999999997	7.599891104099999e-06	4.048776899999997e-07	0.0	0.0	0.0	0.0	0.0	0.0	0.0	0.0	0.0
958.9715900642784	-1.1995534247962496	1.4389284189404117	919626.5105504105	1662.6279435242425	-42.60359492104408	2764331.678587652	1815.0663001964126	864.8838120029906	-1.6225197672928289	2.632570395255976	748024.0082648244	863.2822198017392	1390.3742358794125	0.915455	44.111225	0.10367633	0.06527469999999999	-0.1366171416	-0.0168261696	-0.0881535666	-0.0797854576	-0.1332340313	-0.059156401799999994	0.0748885613	-0.0573627299	0.016215103600000003	0.1314154867	-0.2983525481	0.2047211632	-0.0572944424	0.0143492461	-0.11370306640000001	-0.3053164231	0.2051259547	0.0	0.0	-0.104998	-0.06599200000000001	0.004354944064000001	0.011024580004	0.052290599999999986	-0.011954200000000012	0.00014290289764000032	0.0027343068483599987	-0.00328772	0.0014054799999999998	1.9753740303999992e-06	1.08091027984e-05	0.000465177	-0.00011893199999999998	1.4144820623999995e-08	2.16389641329e-07	-0.00038655	0.00018607099999999995	3.4622417040999976e-08	1.494209025e-07	0.00293828	0.00018149000000000032	8.6334893584e-06	3.2938620100000113e-08	0.0	0.0	0.0	0.0	0.0	0.0	0.0	0.0	0.0
961.994624257205	3.023034192926616	9.138735731603477	925433.6570997613	1777.4530015302128	114.82505800597029	3159339.1726487624	13184.793946074438	871.5335375194591	6.649725516468493	44.21884944437217	759570.7070211823	869.8403537771985	1463.7272338323642	1.14661	55.249439	0.16248482000000006	0.114608	0.0809988691	0.047744651799999996	-0.0511732142	-0.0828745954	0.1040244424	0.0062134734999999995	-0.0163654664	-0.06455002950000001	-0.1793213618	-0.0051763033	-0.15781020070000001	-0.0402079109	-0.06449179719999999	-0.1805595122	0.008486753199999999	-0.1541465037	-0.0341513834	0.0	0.0	-0.0102387	0.0947593	0.008979324936489999	0.00010483097769	0.0582408	0.0059502000000000105	3.5404880040000124e-05	0.00339199078464	0.0221085	0.02539622	0.0006449679902884	0.00048878577225	0.000571476	0.00010629900000000002	1.1299477401000004e-08	3.2658481857600004e-07	-0.000364717	2.1833000000000023e-05	4.766798890000009e-10	1.33018490089e-07	0.00353773	0.0005994500000000001	1.2515533552900003e-05	3.593403025000001e-07	0.0	0.0	0.0	0.0	0.0	0.0	0.0	0.0	0.0
960.2381393498517	-1.7564849073532969	3.0852392297599196	922057.2842620652	1708.1294031425339	-69.32359838767889	2917706.0578800687	4805.761293416193	865.8407362906206	-5.692801228838447	32.407985831064536	749680.180620284	864.2415488718477	1409.9299261465173	1.013724	48.846306	0.14757751999999996	0.08702569999999997	-0.081132105	0.0724837349	0.0619537897	-0.0701922508	-0.0650089517	0.0858393523	-0.0831885265	-0.0515145271	-0.0857578833	-0.0738047111	-0.1105180213	0.0268170519	-0.0513315003	-0.0894418927	0.0775250088	-0.10665467140000001	0.0305407679	0.0	0.0	-0.0967117	-0.08647300000000001	0.007477579728999998	0.00935315291689	0.0462454	-0.011995400000000005	0.00014388962116000008	0.00213863702116	-0.00441277	-0.02652127	0.0007033777624129	1.94725390729e-05	0.00055708	-1.4395999999999963e-05	2.072448159999989e-10	3.103381264000001e-07	-0.000506068	-0.00014135100000000004	1.9980105201000016e-08	2.56104820624e-07	0.00383374	0.00029600999999999976	1.46975623876e-05	8.762192009999987e-08	0.0	0.0	0.0	0.0	0.0	0.0	0.0	0.0	0.0
959.8804470056098	-0.3576923442419684	0.12794381312931485	921370.4725436892	1695.58580091578	-12.543602226753821	2875011.2082672077	157.34195682302337	864.9935027849396	-0.8472335056810607	0.7178046131486199	748213.7598601592	863.3200813263354	1419.575598508005	1.034366	49.840977	0.17518511999999994	0.103291	-0.08552383220000001	-0.0525165265	-0.1291533325	0.0524280191	-0.0593491253	-0.029468354199999998	0.1756202218	-0.0393089868	0.0296889995	-0.0623316847	-0.11836333210000001	0.1073441272	-0.0401041263	0.0266757358	0.0693800303	-0.1147425522	0.1141624302	0.0	0.0	-0.0419039	0.0548078	0.00300389494084	0.0017559368352100002	0.0418572	-0.004388200000000003	1.9256299240000014e-05	0.0017520251918399998	0.0664924	0.07090516999999999	0.005027543132728899	0.0044212392577599995	0.000465177	-9.190300000000006e-05	8.446161409000011e-09	2.16389641329e-07	-0.000141392	0.000364676	1.32988584976e-07	1.9991697663999997e-08	0.00427884	0.0004450999999999999	1.83084717456e-05	1.9811400999999995e-07	0.0	0.0	0.0	0.0	0.0	0.0	0.0	0.0	0.0
965.5009747482865	5.620527742676701	31.59033210619844	932192.1322398912	1800.70975224083	105.12395132505004	3242555.611815232	11051.045142191488	868.6409420248303	3.6474392398907862	13.30381300869508	754537.0861617847	867.0629922387685	1474.277831979924	1.305533	62.907139	0.1820017	0.113886	0.1448585306	0.041143977799999995	0.0544360826	-0.0784435344	0.152315745	0.0291241815	-0.1033979165	-0.050915558	-0.0729511237	-0.08901733349999999	0.022371102099999998	0.2482149218	-0.0513775775	-0.0747329436	0.0845966721	0.0268185064	0.2467360673	0.0	0.0	-0.0512217	-0.009317799999999994	8.682139683999991e-05	0.0026236625508899995	0.0661408	0.0242836	0.0005896932289600001	0.00437460542464	0.0505723	-0.01592009999999999	0.0002534495840099997	0.00255755752729	0.0007957889999999997	0.00033061199999999966	1.0930429454399977e-07	6.332801325209996e-07	0.00201339	0.002154782	4.6430854675239995e-06	4.0537392921e-06	0.00444305	0.00016420999999999968	1.9740693302499995e-05	2.6964924099999905e-08	0.0	0.0	0.0	0.0	0.0	0.0	0.0	0.0	0.0
961.678504867225	-3.8224698810614655	14.611275991622055	924825.5467236612	1720.6168206182458	-80.09293162258426	2960522.2433944405	6414.87769589996	867.1861611499232	-1.4547808749071007	2.11638739399547	752011.8380899406	865.5691311265542	1417.2579598577847	1.120596	53.99594499999999	0.15092644999999996	0.0588172	-0.0740429844	-0.0351610386	0.0667077046	-0.022466434	-0.0569942483	0.0811153584	0.0015316876	-0.0587587675	-0.05825948070000001	-0.12257674619999999	0.1070842999	0.06015633240000001	-0.0595883951	-0.058414675	0.11340611619999999	0.11477156320000001	0.0674097525	0.0	0.0	-0.0830333	-0.03181160000000001	0.0010119778945600006	0.006894528908890001	0.0454507	-0.020690100000000003	0.00042808023801000017	0.00206576613049	0.0716145	0.0210422	0.0004427741808399999	0.00512863661025	0.00113029	0.0003345010000000003	1.1189091900100019e-07	1.2775554840999998e-06	0.00269041	0.00067702	4.583560803999999e-07	7.2383059680999984e-06	0.00497918	0.0005361300000000001	2.47922334724e-05	2.874353769000001e-07	0.0	0.0	0.0	0.0	0.0	0.0	0.0	0.0	0.0
967.0127109643184	5.3342060970934435	28.45375468626886	935113.5831665605	1764.0158246621577	43.399004043911866	3111751.829658512	1883.4735520034792	866.8744199898593	-0.3117411600638889	0.09718255087797917	751471.2600327552	865.5676626664513	1458.0880636662796	1.074374	51.768761	0.08564254999999997	0.0495369	0.0689595474	-0.0742721135	-0.1286754909	-0.1093118705	0.0799459681	-0.1515669943	0.0305387456	-0.0414290533	0.0062560761	0.0845210415	-0.0314581111	0.2159192577	-0.0415316657	0.0064337458	-0.0834873805	-0.0370023297	0.212376226	0.0	0.0	-0.127708	-0.044674699999999984	0.0019958288200899984	0.016309333263999998	0.049487300000000005	0.004036600000000008	1.6294139560000065e-05	0.0024489928612900004	0.0771385	0.005524000000000001	3.0514576000000012e-05	0.005950348182250001	0.000725195	-0.000405095	1.6410195902499995e-07	5.25907788025e-07	0.00258544	-0.00010496999999999979	1.101870089999996e-08	6.6844999936e-06	0.00509726	0.00011808000000000044	2.59820595076e-05	1.3942886400000104e-08	0.0	0.0	0.0	0.0	0.0	0.0	0.0	0.0	0.0
962.4020425167756	-4.610668447542821	21.258263533166932	926217.6914404616	1706.215415637169	-57.800409024988774	2911171.044557917	3340.887283456003	866.1808888208587	-0.6935311690006074	0.480985482375349	750269.332158493	864.6373348776262	1412.3105186544974	1.090202	52.531414	0.17066214999999998	0.125618	-0.060491095700000004	-0.0027958026	0.089236125	-0.0495348333	-0.0419725152	0.041768121899999996	-0.057820337199999995	-0.046619183499999994	0.0574709944	0.111389647	-0.0626781607	0.0556364152	-0.0474155813	0.0594821834	-0.1067432341	-0.068125546	0.0602079246	0.0	0.0	-0.011022400000000002	0.1166856	0.013615529247359995	0.00012149330176000005	0.0456332	-0.003854100000000006	1.4854086810000049e-05	0.00208238894224	0.0518543	-0.0252842	0.00063929076964	0.0026888684284899996	0.00105746	0.00033226500000000015	1.1040003022500005e-07	1.1182216516000005e-06	0.00256339	-2.205000000000002e-05	4.862025000000008e-10	6.5709682921e-06	0.00523971	0.0001424499999999997	2.74545608841e-05	2.0292002499999917e-08	0.0	0.0	0.0	0.0	0.0	0.0	0.0	0.0	0.0
969.0106202034293	6.608577686653688	43.673299040537024	938981.5820670348	1742.703467047426	36.488051410257185	3037015.3740591193	1331.3778957175716	868.1281349151081	1.9472460942494083	3.791767351569575	753646.4586311842	866.8877637991096	1454.5333784176873	1.212487	58.423737	0.2551379	0.16105799999999998	0.021451906200000002	-0.0944216558	-0.1395326181	-0.0743987781	0.0437308932	-0.2219360054	0.0276683106	-0.0486836899	-0.11040401710000004	0.051764904199999996	0.025984381299999998	0.0676714501	-0.0485222312	-0.1095029533	-0.05728051400000001	0.024488570699999997	0.0653462021	0.0	0.0	-0.149345	-0.13832260000000002	0.01913314167076001	0.022303929025	0.0374147	-0.008218499999999997	6.754374224999995e-05	0.0013998597760900007	0.09422390000000004	0.042369600000000035	0.0017951830041600036	0.008878143331210005	0.000207746	-0.0008497140000000001	7.220138817960002e-07	4.315840051599999e-08	0.00297125	0.00040785999999999985	1.6634977959999994e-07	8.8283265625e-06	0.00517274	-6.696999999999953e-05	2.6757239107600007e-05	4.484980899999937e-09	0.0	0.0	0.0	0.0	0.0	0.0	0.0	0.0	0.0
961.7656989232734	-7.244921280155951	52.488884355656516	924993.2596253724	1707.387189052514	-35.31627799491207	2915171.013340645	1247.2394914139106	868.3094575501297	0.1813226350215018	0.032877897971140754	753961.3140710004	866.6894899942747	1404.9708374590255	1.22586	59.068069	0.30773779999999995	0.212824	-0.0522014881	0.020250481100000002	0.1255165922	-0.06353822440000001	-0.029094387200000002	0.09189513449999999	-0.09445337570000001	-0.051212849299999995	-0.0128737848	0.0389016898	0.0111339309	0.1136622692	-0.051896705599999995	-0.0097610466	-0.0411333168	0.011359213500000001	0.11894526720000001	0.0	0.0	0.0422061	0.1915511	0.03669182391121	0.0017813548772099997	0.0305061	-0.006908600000000004	4.772875396000006e-05	0.00093062213721	0.0380965	-0.056127400000000036	0.0031502850307600053	0.0014513433122499998	0.00112352	0.000915774	8.386420190760001e-07	1.2622971904e-06	0.00304236	7.11100000000001e-05	5.0566321000000145e-09	9.2559543696e-06	0.00524887	7.612999999999977e-05	2.75506362769e-05	5.7957768999999655e-09	0.0	0.0	0.0	0.0	0.0	0.0	0.0	0.0	0.0
963.5956770042824	1.829978081009017	3.3488197769734436	928516.6287413413	1653.9777173904272	-53.40947166208685	2735642.289624048	2852.571663223257	867.3209448967601	-0.9885126533695257	0.97715726587166	752245.6214566088	866.0106277706642	1399.1719034512405	1.203096	57.971214	0.41746385	0.265795	-0.09745417210000001	-0.08555269929999999	-0.0673561789	0.0270907006	-0.1138155101	-0.0977045168	0.05871044950000001	-0.0396516834	-0.0349906139	0.08111347690000001	0.0010214991	0.1097190334	-0.0399890798	-0.0327105205	-0.0827491499	-0.0032405140000000003	0.1091415461	0.0	0.0	-0.178242	-0.22044810000000004	0.04859736479361001	0.031770210564000013	0.0140449	-0.0164612	0.00027097110543999994	0.00019725921601	0.15318699999999996	0.11509049999999996	0.013245823190249991	0.02346625696899999	-3.1911e-05	-0.0011554310000000002	1.335020795761e-06	1.018311921e-09	0.00304236	0.0	0.0	9.2559543696e-06	0.00540272	0.00015384999999999965	2.91893833984e-05	2.366982249999989e-08	0.0	0.0	0.0	0.0	0.0	0.0	0.0	0.0	0.0
958.1143880288616	-5.481288975420738	30.04452883206893	917983.18054792	1684.1471914313956	30.169474040968453	2836351.762406258	910.1971639086694	867.9744434711027	0.6534985743426205	0.4270603866678375	753379.6345189705	866.638038640271	1393.036517223586	1.279384	61.64716	0.42083725	0.264538	-0.0094506003	0.0268585481	0.1620458403	-0.1144169535	-0.0282409593	0.0446230429	-0.1795687918	-0.0512345933	0.0030135878999999997	0.064478033	0.0394022396	0.0955471594	-0.0518330938	0.004858841	-0.066970974	0.0381414516	0.0989210338	0.0	0.0	0.035713	0.213955	0.045776742025	0.0012754183690000002	0.00532675	-0.00871815	7.600613942249997e-05	2.83742655625e-05	0.0189679	-0.13421909999999995	0.018014766804809988	0.00035978123041000004	0.000785309	0.00081722	6.678485284e-07	6.167102254809999e-07	0.00345866	0.00041630000000000014	1.7330569000000007e-07	1.19623289956e-05	0.00535734	-4.537999999999938e-05	2.8701091875600005e-05	2.0593443999999435e-09	0.0	0.0	0.0	0.0	0.0	0.0	0.0	0.0	0.0
956.4999260905992	-1.6144619382624796	2.6064873500982424	914892.1086113215	1652.482764565733	-31.664426865662566	2730699.287186808	1002.6359287308929	862.9502544500941	-5.024189021008624	25.242475318823594	744683.1416554822	861.2982900178835	1371.6523767651754	1.189529	57.317463	0.3926171	0.233869	-0.1239730705	-0.0845842453	0.0063089396	0.045207339000000006	-0.1277030119	0.043331326399999995	0.0904231434	-0.0237021415	0.2024583846	0.08263406599999999	-0.0041380022	0.1859409329	-0.025297081000000003	0.2046057468	-0.07780455110000001	-0.013231812800000001	0.1874778325	0.0	0.0	-0.122719	-0.15843200000000002	0.02510069862400001	0.015059952961000003	-0.0138416	-0.01916835	0.0003674256417225	0.00019158989056	0.163529	0.1445611	0.02089791163321	0.026741733841	-0.000247264	-0.001032573	1.0662070003290001e-06	6.1139485696e-08	0.00328576	-0.00017290000000000014	2.989441000000005e-08	1.07962187776e-05	0.00556098	0.00020363999999999967	3.09244985604e-05	4.1469249599999887e-08	0.0	0.0	0.0	0.0	0.0	0.0	0.0	0.0	0.0
958.8252972426284	2.32537115202922	5.4073509946897005	919345.9506324149	1695.1298887856613	42.64712421992817	2873465.339854488	1818.7772042299841	866.6752608569902	3.7250064068961137	13.875672731417096	751126.007781532	865.2490953805832	1402.2726855119015	1.217087	58.645374	0.39721796	0.221557	0.0236604848	0.0017621773999999999	0.1505078587	-0.1308500333	-0.009415597900000001	0.0200268725	-0.2078706852	-0.0528884983	0.008480297099999999	0.1200361195	0.04954279809999999	0.1004415036	-0.0533206858	0.0120540522	-0.12271853199999999	0.0424705738	0.10273525900000001	0.0	0.0	0.0117274	0.13444640000000002	0.01807583447296001	0.00013753191076	-0.00194969	0.01189191	0.00014141752344809996	3.8012910961e-06	0.0200364	-0.14349260000000003	0.02059012625476	0.00040145732496	0.000864987	0.001112251	1.2371022870010005e-06	7.48202510169e-07	0.00416338	0.0008776200000000004	7.702168644000006e-07	1.7333733024400007e-05	0.00540311	-0.00015787000000000006	2.91935976721e-05	2.4922936900000022e-08	0.0	0.0	0.0	0.0	0.0	0.0	0.0	0.0	0.0
973.9154968094842	15.090199566855857	227.71412296753672	948511.3949256644	1624.2441750757794	-70.88571370988188	2638169.140267599	5024.7844081593375	864.020669921273	-2.6545909357172377	7.046853035992121	746531.7180512055	862.3458223927393	1470.9600472395264	1.707284	82.265511	0.47999179	0.271506	0.0236676726	-0.19256158920000002	-0.014092773000000001	0.3364244393	-0.1285419531	-0.1102562936	-0.0197408032	-0.062550903	0.1387037959	0.0236611293	0.1194776526	0.0765948362	-0.0644203604	0.14157174960000002	-0.0265508443	0.1142140925	0.0808669238	0.0	0.0	-0.06509329999999999	-0.07682069999999999	0.005901419948489999	0.004237137704889999	0.042158	0.04410769	0.0019454883171361	0.0017772969639999999	0.20142	0.1813836	0.03290001034896	0.040570016400000006	-0.000490689	-0.001355676	1.8378574169759998e-06	2.40775694721e-07	0.00379235	-0.0003710300000000005	1.3766326090000038e-07	1.43819185225e-05	0.00357622	-0.00182689	1.27893494884e-05	3.3375270721e-06	0.0	1.0	0.0	0.0	0.0	0.0	0.0	0.0	0.0
959.4964573246616	-14.419039484822633	207.90869966487412	920633.4516185763	1709.8707953120127	85.62662023623331	2923658.136660935	7331.918093080118	866.1971628562998	2.176492935026772	4.7371214962214525	750297.5249403032	864.7605867003723	1387.9628564517236	1.788374	86.172836	0.47973761	0.277911	0.0219672599	-0.0097184316	0.2020543675	-0.1369558298	-0.0070425268999999985	0.0778207606	-0.132071521	-0.0806416081	0.07122196809999999	0.21322921739999998	0.0043320493	0.12678150529999999	-0.08163462219999999	0.07530622299999999	-0.21046735589999999	-0.008520530200000001	0.1263782842	0.0	0.0	0.117	0.1820933	0.033157969904889985	0.013688999999999998	0.00536729	-0.03679071	0.0013535563423041005	2.8807801944100007e-05	0.0215469	-0.1798731	0.03235433210361	0.00046426889961	0.000395791	0.00088648	7.858467904e-07	1.56650515681e-07	0.00436149	0.0005691400000000001	3.239203396000001e-07	1.90225950201e-05	0.00374021	0.00016398999999999968	1.39891708441e-05	2.6892720099999904e-08	0.0	0.0	1.0	0.0	0.0	0.0	0.0	0.0	0.0
957.0053074755763	-2.4911498490853323	6.205827570597871	915859.1585364223	1647.6617374645887	-62.20905784742399	2714789.2011048268	3869.9668782641447	863.5489236493526	-2.64823920694721	7.013170897212388	745716.7435359553	861.9822669407613	1356.216626370728	1.228153	59.178589	0.42111088	0.246824	-0.1302412426	-0.1545989216	0.0198872199	0.0051328732	-0.1324674504	0.015244004299999999	0.1157299155	-0.07612392650000001	0.0798699225	0.0904014767	0.056621097	0.05304075849999999	-0.0774320492	0.0834699174	-0.09185699050000001	0.04989127610000002	0.0567223552	0.0	0.0	-0.0515095	-0.16850949999999998	0.028395451590249993	0.00265322859025	-0.007650889999999999	-0.01301818	0.0001694730105124	5.853611779209998e-05	0.177981	0.15643410000000002	0.02447162764281	0.031677236361	-0.000545131	-0.000940922	8.853342100840002e-07	2.9716780716100004e-07	0.00470584	0.0003443500000000002	1.1857692250000017e-07	2.21449301056e-05	0.00411792	0.0003777099999999999	1.6957265126399998e-05	1.426648440999999e-07	0.0	0.0	0.0	0.0	0.0	0.0	0.0	0.0	0.0
958.4883816642732	1.4830741886969463	2.1995090491791056	918699.9777853973	1702.7108400785003	55.0491026139116	2899224.204920832	3030.403698596969	867.0358458921913	3.486922242838773	12.158626727603776	751751.1580619876	865.5764290628598	1389.4696324262534	1.169071	56.331738	0.27882548	0.182929	0.0207098607	-0.0287542839	0.2055988226	-0.1398728823	0.002321368	0.0284686438	-0.1944404643	-0.0836850022	-0.0154237759	0.0139092134	0.17427503100000002	-0.040342131600000004	-0.08406876939999999	-0.013151944099999998	-0.023804357400000004	0.1719774931	-0.0363512331	0.0	0.0	0.00777739	0.05928689	0.0035149353258721004	6.048779521210001e-05	-0.00272585	0.0049250399999999995	2.4256019001599986e-05	7.430258222500001e-06	0.0264273	-0.1515537	0.02296852398369001	0.0006984021852899999	0.000283596	0.000828727	6.867884405290001e-07	8.042669121599999e-08	0.00494943	0.0002435900000000001	5.933608810000006e-08	2.4496857324900007e-05	0.00392904	-0.00018887999999999975	1.5437355321599998e-05	3.567565439999992e-08	0.0	0.0	0.0	0.0	0.0	0.0	0.0	0.0	0.0
964.9665642148748	6.4781825506015585	41.966849158918535	931160.47005266	1690.795495840219	-11.91534423828125	2858789.408753572	141.97542831674218	866.6105787799617	-0.4252671122296761	0.1808521167441679	751013.8952533401	864.9322707561273	1426.813573485072	1.2741870000000002	61.396717	0.238176095	0.172532	-0.0497100876	-0.17210634579999998	0.0391629548	0.21030861780000001	-0.0855447116	0.1296536738	0.2107278483	-0.0810072325	0.0787358692	0.0823864289	0.0822479183	0.0737234849	-0.0826212446	0.0840828	-0.08652977099999999	0.079164779	0.0796068875	0.0	0.0	0.067053	0.05927561	0.0035135979408721	0.004496104809000001	0.00202195	0.0047478	2.254160484e-05	4.0882818025e-06	0.18209	0.1556627	0.02423087617129	0.0331567681	8.781629999999998e-05	-0.0001957797	3.8329690932090004e-08	7.711702545689997e-09	0.00494943	0.0	0.0	2.4496857324900007e-05	0.00410306	0.00017402000000000042	1.6835101363600006e-05	3.028296040000015e-08	0.0	0.0	0.0	0.0	0.0	0.0	0.0	0.0	0.0
967.0583834818832	2.091819267008418	4.375707845827636	935201.9170625929	1817.5700445570185	126.77454871679949	3303560.8668710017	16071.786202348165	872.1430025040808	5.5324237241190986	30.60771226319584	760633.416816833	870.6168768817108	1483.1347813127472	1.291307	62.221680000000006	0.296000835	0.188107	0.1898623127	-0.0858271146	0.1219802143	-0.010147180300000001	0.18487440260000002	0.0654362883	-0.0507036117	-0.0822183946	-0.1454057616	-0.0199456752	0.1995156823	0.098643237	-0.0818196079	-0.1415354288	0.004207405	0.2017716669	0.0953727115	0.0	0.0	-0.0217575	-0.0888105	0.00788730491025	0.00047338880625	0.012593	0.01057105	0.0001117470981025	0.00015858364900000002	0.0255549	-0.1565351	0.024503237532010003	0.0006530529140100001	0.00037145	0.0002836337	8.044807577569001e-08	1.379751025e-07	0.00526547	0.00031604000000000007	9.988128160000003e-08	2.7725174320900007e-05	0.00390105	-0.00020201000000000032	1.52181911025e-05	4.080804010000012e-08	0.0	0.0	0.0	0.0	0.0	0.0	0.0	0.0	0.0
957.727438275402	-9.330945206481148	87.06653844635349	917241.846025564	1704.130252917137	-113.43979163988138	2904059.9189074263	12868.5863272997	864.7717056551137	-7.371296848967062	54.336017235591754	747830.1029016546	863.1763464105278	1406.3492753792225	1.277201	61.541946	0.2377704	0.13103499999999998	-0.0872255541	-0.1460216101	0.0846355738	0.099138549	-0.0698133133	0.1373513008	0.1789787844	-0.0768007707	0.1393242977	0.0485784141	0.1284758328	0.034840014700000005	-0.0780728928	0.14359120720000002	-0.0520270561	0.1252217892	0.040823269	0.0	0.0	0.0432449	0.0650024	0.00422531200576	0.00187012137601	-0.0242186	-0.0368116	0.00135509389456	0.0005865405859599997	0.128403	0.10284809999999997	0.010577731673609996	0.016487330409	0.000501996	0.000130546	1.7042258115999998e-08	2.51999984016e-07	0.0055231	0.00025763	6.63732169e-08	3.0504633610000013e-05	0.00417504	0.0002739899999999996	1.74309590016e-05	7.507052009999976e-08	0.0	0.0	0.0	0.0	0.0	0.0	0.0	0.0	0.0
968.4372691407899	10.709830865387858	114.70047716521442	937870.7442608707	1843.2099978161987	139.07974489906155	3397423.0960495914	19343.17544118804	867.6199308530034	2.8482251978897466	8.112386777894086	752764.3444133705	866.2154346375756	1540.3057386196522	1.485842	71.59535200000002	0.31004515000000005	0.173444	0.2539443296	-0.1484909253	-0.000377067	0.1137849305	0.2036499352	0.0140970278	0.08215411	-0.08808623730000001	-0.089260929	0.3090528841	0.014889613700000004	-0.024684300899999997	-0.08757715320000001	-0.0813961978	-0.3117278297	-0.0015096322	-0.030861706000000006	0.0	0.0	-0.07755260000000001	-0.12079750000000003	0.014592036006250003	0.006014405766760002	0.018066400000000003	0.042285	0.0017880212250000003	0.00032639480896000015	0.0377724	-0.0906306	0.008213905656359998	0.00142675420176	0.000213605	-0.000288391	8.3169368881e-08	4.5627096025000005e-08	0.00546169	-6.141000000000046e-05	3.771188100000056e-09	2.98300576561e-05	0.0033982	-0.0007768399999999996	1.154776324e-05	6.034803855999993e-07	0.0	0.0	0.0	0.0	0.0	0.0	0.0	0.0	0.0
958.8885724503044	-9.548696690485485	91.17760848688845	919467.2943757828	1664.0813882139307	-179.12860960226794	2769166.8666000026	32087.05877804172	865.3169738703052	-2.30295698269822	5.303610864158489	748773.4652680623	863.7134949906151	1402.8035984900848	1.481368	71.379776	0.35550908	0.202531	-0.0929074242	-0.1515278162	0.0824825452	0.0116217928	-0.1364060466	0.0146545527	-0.0028178514000000003	-0.08863965060000001	0.0722623017	0.1057190357	0.1275978888	0.1157438392	-0.0898055717	0.0781474539	-0.1109246009	0.12203987529999999	0.1185643432	0.0	0.0	0.0950298	0.17258240000000002	0.029784684789760013	0.009030662888040001	-0.008589229999999998	-0.02665563	0.0007105226106969	7.377487199289998e-05	0.100474	0.06270160000000001	0.003931490642560001	0.010095024676000002	0.0007824039999999999	0.0005687989999999997	3.2353230240099977e-07	6.121560192159998e-07	0.006187	0.0007253099999999997	5.260745960999999e-07	3.8278969e-05	0.00397548	0.0005772799999999999	1.5804441230399998e-05	3.332521983999999e-07	0.0	0.0	0.0	0.0	0.0	0.0	0.0	0.0	0.0
975.9044749182937	17.015902467989235	289.5409368001221	952389.5441655505	1869.201352878435	205.11996466450432	3493913.697602572	42074.1999039675	872.0647426198033	6.74776874949805	45.53238309670248	760496.9153205438	870.6570893246892	1550.6490503862194	1.603051	77.24307299999998	0.33941541	0.23981	0.2642964706	-0.1418069442	0.0020283475	0.1035967217	0.24241226629999998	0.02865096	0.1183226405	-0.0836856841	-0.1470836375	0.27941434309999996	0.0854096325	-0.124502518	-0.08299184429999999	-0.1383521845	-0.288534978	0.0699776901	-0.1280916626	0.0	0.0	-0.125576	-0.2206058	0.048666918993639986	0.015769331775999998	0.0313775	0.039966729999999985	0.0015973395068928993	0.0009845475062499997	0.08920269999999997	-0.011271300000000041	0.00012704220369000088	0.007957121687289995	4.33524e-05	-0.0007390515999999999	5.461972674625598e-07	1.8794305857599995e-09	0.00607689	-0.00011011000000000007	1.2124212100000016e-08	3.69285920721e-05	0.00347321	-0.00050227	1.20631877041e-05	2.5227515289999995e-07	0.0	0.0	0.0	1.0	0.0	0.0	0.0	0.0	0.0
957.4189769670554	-18.485497951238244	341.7136345052333	916651.097456643	1660.534739398392	-208.666613480043	2757375.620748886	43541.75558122966	865.4243498658425	-6.640392753960782	44.09481592685486	748959.3053407161	863.883665848949	1387.144249919424	1.561748	75.25288399999998	0.3037406	0.195283	-0.106613388	-0.1407594009	0.09429983119999999	-0.0158772685	-0.1356108606	0.0127238173	-0.0396469551	-0.0811483311	0.0817671141	0.1543521326	0.0805968848	0.1525544093	-0.0819929985	0.08779119460000001	-0.1561153409	0.0722652611	0.1513807225	0.0	0.0	0.0368789	0.1624549	0.02639159453401	0.0013600532652100002	-0.00554637	-0.03692387	0.0013633721757768998	3.07622201769e-05	0.0610872	-0.02811549999999997	0.0007904813402499985	0.00373164600384	0.0007949889999999999	0.0007516365999999999	5.649575784595597e-07	6.320075101209998e-07	0.00612962	5.272999999999997e-05	2.780452899999996e-09	3.75722413444e-05	0.00419377	0.0007205600000000003	1.7587706812900007e-05	5.192067136000004e-07	0.0	0.0	0.0	0.0	1.0	0.0	0.0	0.0	0.0
960.6531288516763	3.2341518846209283	10.459738412797103	922854.4339725156	1792.187853920389	131.65311452199694	3211937.3037397694	17332.542563342042	866.7235942126501	1.2992443468076544	1.688035872711649	751209.7887648945	865.359031373542	1480.6718769950974	1.4001340000000002	67.465508	0.357637623	0.182939	0.1657022106	-0.13290372890000002	0.041614919300000004	0.0392984118	0.1374538494	-0.0130965045	-0.0200857492	-0.105247765	-0.10019291849999999	0.2711104859	-0.0126203573	-0.2435809682	-0.1051539218	-0.0929650542	-0.2723095868	-0.025641689199999998	-0.2440785477	0.0	0.0	-0.000260783	-0.037139683	0.0013793560533404891	6.8007773089e-08	0.00121107	0.00675744	4.56629953536e-05	1.4666905449e-06	0.15279799999999996	0.09171079999999997	0.008410870836639994	0.02334722880399999	-0.000311895	-0.0011068839999999998	1.2251921894559996e-06	9.727849102500002e-08	0.00412956	-0.00200006	4.000240003599998e-06	1.70532657936e-05	0.00286012	-0.0013336500000000007	8.180286414399999e-06	1.778622322500001e-06	0.0	0.0	0.0	0.0	0.0	0.0	0.0	0.0	0.0
956.0986516190704	-4.5544772326059055	20.74326286232554	914124.6316278045	1685.4110563944078	-106.77679752598124	2840610.4290165133	11401.284489904392	864.6699119204759	-2.053682292174244	4.2176109571900575	747654.0565805634	863.1701469471558	1380.4426786742167	1.321415	63.67242099999999	0.193533933	0.147491	-0.11957813099999999	-0.146120045	0.0797213387	-0.0259146988	-0.1115869775	0.0382069102	0.021986167200000004	-0.0864763108	0.09585874130000001	0.0118838985	0.111601699	-0.0134721841	-0.08678069279999999	0.0976131208	-0.0147366248	0.1089703517	-0.010788591399999999	0.0	0.0	0.00555285	0.005813633	3.3798328658688986e-05	3.08341431225e-05	0.00318277	0.0019717	3.88760089e-06	1.01300248729e-05	0.027960900000000004	-0.12483709999999995	0.015584301536409988	0.0007818119288100003	0.000488675	0.00080057	6.409123249e-07	2.3880325562500004e-07	0.0044722	0.00034264	1.1740216959999996e-07	2.000057284e-05	0.0027851	-7.501999999999986e-05	7.756782009999999e-06	5.62800039999998e-09	0.0	0.0	0.0	0.0	0.0	0.0	0.0	0.0	0.0
954.7873348795172	-1.3113167395532628	1.7195515914325996	911618.8548463313	1771.3219396715333	85.91088327712555	3137581.413961723	7380.679865455892	864.5148488299188	-0.15506309055706424	0.024044562053108304	747385.9238474175	863.0994501250191	1417.8998535477094	1.023207	49.303268	0.14264717	0.0880301	0.0775827658	-0.08099139129999999	0.0912582797	-0.12612417509999999	0.0904263443	0.0185221876	-0.056094064900000004	-0.09236432900000001	0.034035524500000004	-0.1467335362	0.1857542584	-0.1060033894	-0.0925414264	0.032569631	0.1367170985	0.19250432280000002	-0.1039369796	0.0	0.0	0.0273149	0.02176205	0.0004735868202024999	0.0007461037620099999	-0.005227000000000001	-0.00840977	7.072423145290001e-05	2.732152900000001e-05	0.107764	0.07980310000000003	0.006368534769610003	0.011613079696000004	0.00033178	-0.00015689500000000005	2.4616041025000012e-08	1.100779684e-07	0.00397565	-0.0004965500000000001	2.465619025000001e-07	1.58057929225e-05	0.0027851	0.0	7.756782009999999e-06	0.0	0.0	0.0	0.0	0.0	0.0	0.0	0.0	0.0	0.0
960.8612901035356	6.073955224018391	36.892932063380314	923254.4188194307	1662.0347376603347	-109.2872020111986	2762359.4691896583	11943.692523436528	864.2688167466396	-0.2460320832792604	0.06053178600273292	746960.5876006364	862.715543681391	1417.7689991536074	1.128827	54.392574	0.2114701	0.117233	-0.06302429009999999	-0.17037718059999998	0.0592245505	0.07222279940000001	-0.1255761004	-0.017249059299999998	-0.0045278791999999995	-0.0850361738	0.10440750210000001	0.0325529581	0.1152927434	-0.026138336600000003	-0.0852973029	0.1066449887	-0.0343343379	0.1098525103	-0.0259623993	0.0	0.0	-0.0506874	-0.0780023	0.006084358805289999	0.00256921251876	0.0165922	0.021819200000000004	0.0004760774886400002	0.00027530110084000007	0.0490015	-0.05876250000000001	0.003453031406250002	0.0024011470022500003	0.000539902	0.000208122	4.3314766883999986e-08	2.91494169604e-07	0.0042668	0.00029115000000000044	8.476832250000025e-08	1.8205582240000007e-05	0.00222665	-0.0005584499999999998	4.9579702225000006e-06	3.118664024999998e-07	0.0	0.0	0.0	0.0	0.0	0.0	0.0	0.0	0.0
962.9577846508032	2.096494547267639	4.3952893867229434	927287.6950195826	1847.1398205503203	185.10508288998557	3411925.51666267	34263.89171170845	866.6823620431743	2.4135452965347213	5.825200898424876	751138.316676736	865.2692256919129	1493.2104982276953	1.176362	56.683033	0.12303185000000005	0.0750189	0.1848382628	-0.1353172621	0.0220771865	-0.0252176265	0.2011873898	0.0469882532	0.10677614210000001	-0.10700006039999999	-0.0679310034	0.1503957708	0.031134095299999998	-0.18346884300000002	-0.1066199224	-0.0637974416	-0.1526677383	0.0239073724	-0.1849047377	0.0	0.0	0.0206955	0.0713829	0.00509551841241	0.00042830372025000015	0.035195599999999994	0.018603399999999992	0.0003460864915599997	0.0012387302593599994	0.0672783	0.018276800000000003	0.0003340414182400001	0.0045263696508900005	0.0006553269999999999	0.00011542499999999995	1.3322930624999988e-08	4.294534769289999e-07	0.00413341	-0.0001333900000000006	1.779289210000016e-08	1.7085078228099993e-05	0.00218009	-4.656000000000018e-05	4.7527924081e-06	2.1678336000000164e-09	0.0	0.0	0.0	0.0	0.0	0.0	0.0	0.0	0.0
955.5322271092232	-7.4255575415800195	55.138904803315896	913041.837044312	1701.7111718950891	-145.4286486552312	2895820.9125525574	21149.49184968668	865.1885675455945	-1.4937944975797564	2.2314220009995567	748551.2574115978	863.810554151857	1392.1488505708878	1.151873	55.503014	0.08697029999999999	0.045213800000000005	-0.0919126422	-0.1239372435	0.10753981300000001	-0.0027818102	-0.0813616083	0.1120245966	0.0373889959	-0.0950571758	-0.008906098000000001	0.070718299	0.0440730603	-0.0324717293	-0.0949206072	-0.007061734	-0.07203114690000001	0.038882765	-0.037169799100000005	0.0	0.0	-0.0102585	-0.030954	0.000958150116	0.00010523682224999996	0.0173355	-0.01786009999999999	0.0003189831720099998	0.00030051956025	0.08302589999999999	0.015747599999999987	0.0002479869057599996	0.0068933000708099965	0.000358135	-0.00029719199999999994	8.832308486399996e-08	1.28260678225e-07	0.00400936	-0.00012404999999999968	1.538840249999992e-08	1.60749676096e-05	0.00215316	-2.6930000000000096e-05	4.6360979855999985e-06	7.252249000000052e-10	0.0	0.0	0.0	0.0	0.0	0.0	0.0	0.0	0.0
968.1880236124733	12.655796503250144	160.16918513167857	937388.0490666272	1826.8249984436486	125.11382654855947	3337289.5749386367	15653.469593623026	871.0574545572603	5.86888701166572	34.443834755698575	758741.0891397734	869.8036017397421	1505.1821521649524	1.220731	58.82095	0.1571128	0.08203099999999999	0.15969523060000002	-0.1836036884	-0.1092781519	-0.042217488399999996	0.1750905736	-0.1222249226	0.1351525768	-0.097526375	-0.0771581614	-0.0225355	0.1193062461	-0.0042566627	-0.09688642480000001	-0.07690267070000001	0.0139911251	0.1230097133	-0.0082277826	0.0	0.0	-0.0390551	-0.028796600000000002	0.00082924417156	0.0015253008360099993	0.0527224	0.035386900000000006	0.00125223269161	0.00277965146176	0.027173400000000004	-0.05585249999999999	0.003119501756249998	0.0007383936675600003	0.0008163209999999997	0.0004581859999999998	2.0993441059599976e-07	6.663799750409995e-07	0.00409745	8.808999999999987e-05	7.759848099999978e-09	1.67890965025e-05	0.00234842	0.00019526000000000005	5.5150764964e-06	3.812646760000002e-08	0.0	0.0	0.0	0.0	0.0	0.0	0.0	0.0	0.0
953.562406890695	-14.625616721778329	213.90866449236182	909281.2638351754	1783.2043654580084	-43.62063298564021	3179817.808988498	1902.7596220679234	861.1376272016437	-9.919827355616576	98.40297476523895	741558.0129824771	859.7648703277032	1411.4717920983335	1.391308	67.040207	0.22349128	0.115705	-0.019574760400000002	-0.0469932999	0.18487390010000002	-0.0077240202	0.0655097036	0.2296630086	0.08659609800000001	-0.0905351952	0.0617565851	0.0376608006	0.0500705005	-0.18035119079999998	-0.0901496077	0.062107538399999995	-0.037831707799999996	0.0442323196	-0.1826346759	0.0	0.0	-0.0492899	-0.010234800000000002	0.00010475113104000003	0.00242949424201	0.012693	-0.04002940000000001	0.00160235286436	0.00016111224900000002	0.10449000000000001	0.0773166	0.00597785663556	0.0109181601	8.53714e-05	-0.0007309495999999997	5.342873177401596e-07	7.288275937959999e-09	0.00313637	-0.00096108	9.236747664e-07	9.8368167769e-06	0.00212224	-0.0002261799999999999	4.5039026176e-06	5.115739239999994e-08	0.0	0.0	0.0	0.0	0.0	0.0	0.0	0.0	0.0
955.7621814633908	2.199774572695788	4.839008170678934	913481.3475156595	1678.3665098946476	-104.8378555633608	2816914.14153594	10990.975959124098	865.3553976766286	4.217770474984945	17.78958777965473	748839.9642880759	864.0032250584558	1400.2027047811373	1.096407	52.830402	0.20192703	0.115248	-0.0658939358	-0.1731518019	-0.0572038183	-0.0572287615	-0.0750775132	-0.17019214149999998	0.0749903048	-0.093911571	0.045294990099999995	0.0048829692	0.073379647	-0.1613657258	-0.0937181342	0.045321438799999995	-0.006113216899999999	0.0718536962	-0.1594714079	0.0	0.0	0.023031	0.0723209	0.005230312576809999	0.0005304269609999999	0.0188808	0.006187799999999999	3.828886883999998e-05	0.00035648460864	0.0300647	-0.0744253	0.00553912528009	0.00090388618609	0.0005651219999999999	0.0004797505999999999	2.3016063820035996e-07	3.1936287488399987e-07	0.00361101	0.0004746400000000001	2.252831296000001e-07	1.30393932201e-05	0.00214771	2.547000000000009e-05	4.6126582441e-06	6.487209000000047e-10	0.0	0.0	0.0	0.0	0.0	0.0	0.0	0.0	0.0
956.9264283126207	1.1642468492299258	1.3554707259418095	915708.1892031492	1735.2225343941232	56.856024499475545	3010997.2438691636	3232.607521884964	860.5030412697572	-4.852356406871422	23.54536269930614	740465.4840345016	859.1737560043101	1437.9227527852006	1.223034	58.93193100000001	0.208139675	0.116004	0.10557182400000001	-0.036690585	0.1824387366	-0.016575578799999997	0.050645929900000004	0.0326342949	-0.1295619983	-0.0892667195	0.10397434859999999	0.0411002118	0.011347135	0.1413220727	-0.0892062536	0.10250433279999999	-0.0378600112	0.0048140699	0.12958401349999998	0.0	0.0	-0.0287763	-0.0518073	0.00268399633329	0.0008280754416899997	0.019052	0.00017119999999999982	2.9309439999999933e-08	0.000362978704	0.109968	0.07990330000000001	0.006384537350890002	0.012092961024000004	2.11045e-05	-0.0005440174999999999	2.9595504030624986e-07	4.4539992024999987e-10	0.0029948	-0.0006162099999999997	3.7971476409999984e-07	8.968827040000001e-06	0.00178278	-0.00036493000000000007	3.1783045284000008e-06	1.3317390490000006e-07	0.0	0.0	0.0	0.0	0.0	0.0	0.0	0.0	0.0
958.9269869698556	2.000558657234933	4.0022349410376385	919540.9663390856	1662.0628955999066	-73.15963879421656	2762453.068929946	5352.332748500236	863.5100708132675	3.0070295435102707	9.042226675543588	745649.6423959342	861.9858702666714	1416.0397855097806	1.19575	57.61726	0.15751606499999998	0.0923873	-0.0585918442	-0.14752328720000002	0.0731689985	0.0495890054	-0.1259253252	-0.026684229500000003	-0.0871074757	-0.09464574619999999	0.06352323559999999	-0.053886002	0.1173154715	-0.08565408779999999	-0.0947429418	0.06365233690000001	0.0506516154	0.1177426945	-0.0851458467	0.0	0.0	0.00891209	0.03768839	0.0014204147407920994	7.942534816809999e-05	0.028648000000000007	0.009596000000000004	9.208321600000009e-05	0.0008207079040000003	0.0676076	-0.042360400000000006	0.0017944034881600005	0.00457078757776	0.00104796	0.0010268555	1.0544322178802497e-06	1.0982201615999997e-06	0.00325973	0.00026493	7.018790490000001e-08	1.06258396729e-05	0.00184842	6.563999999999984e-05	3.4166564964e-06	4.308609599999979e-09	0.0	0.0	0.0	0.0	0.0	0.0	0.0	0.0	0.0
963.5393424987263	4.612355528870694	21.27382352470406	928408.0645428778	1788.349039732352	126.28614413244532	3198192.287911625	15948.190199840752	871.5251719679968	8.015101154729336	64.24184652054355	759556.1253738464	870.1897568782554	1470.234201340159	1.100855	53.044743	0.08492363999999998	0.054384900000000014	0.1232283822	-0.1371082381	-0.06250441400000001	-0.0828956213	0.1160312772	-0.0438501375	0.0598707512	-0.10005368	-0.1424473332	-0.0673077779	0.1210913852	-0.15392231439999998	-0.0993749218	-0.1423727323	0.0567442082	0.1272565398	-0.1535726817	0.0	0.0	0.00250595	-0.006406139999999999	4.10386296996e-05	6.279785402499998e-06	0.0379347	0.009286699999999991	8.624279688999985e-05	0.0014390414640899993	0.0286938	-0.038913800000000005	0.0015142838304400006	0.0008233341584399999	0.00148424	0.00043628	1.9034023840000005e-07	2.2029683776e-06	0.00342979	0.00017005999999999966	2.8920403599999887e-08	1.17634594441e-05	0.00184842	0.0	3.4166564964e-06	0.0	0.0	0.0	0.0	0.0	0.0	0.0	0.0	0.0	0.0
959.4869709438133	-4.0523715549130666	16.42171521906854	920615.2474109341	1754.5173814480124	-33.83165828433948	3078331.24180319	1144.5811022683165	862.8478663294179	-8.6773056385789	75.29563314531319	744506.440429229	861.5441525414552	1415.109720354592	1.3003559999999998	62.6577	0.27730190000000005	0.146494	-0.0583926633	-0.0508724287	0.133657373	0.0309568984	-0.0024419873999999998	0.10937492609999999	0.0567312473	-0.09030985820000001	-0.0418057487	-0.10614000289999999	0.0896438905	-0.06539619940000001	-0.08970604039999999	-0.043688573700000004	0.1011384075	0.09430270060000001	-0.0740313854	0.0	0.0	-0.0977162	-0.10022214999999997	0.010044479350622495	0.009548455742439996	0.0214875	-0.016447199999999995	0.0002705103878399998	0.00046171265625	0.101593	0.0728992	0.00531429336064	0.010321137648999995	0.000778513	-0.000705727	4.980505985289999e-07	6.060824911689999e-07	0.00262702	-0.00080277	6.444396729e-07	6.9012340804e-06	0.00160225	-0.00024617	2.5672050625e-06	6.05996689e-08	0.0	0.0	0.0	0.0	0.0	0.0	0.0	0.0	0.0
964.1925328303273	4.705561886514033	22.142312667813506	929667.2403657619	1754.3764028492765	-0.14097859873595553	3077836.562874367	0.019874965301553558	867.0658805449635	4.218014215545622	17.791643922544953	751803.241205213	865.8411536722213	1452.5297232317762	1.258948	60.662434	0.27141373	0.151785	0.0718932805	-0.1233690593	-0.0940421335	-0.1106453131	0.07777180269999999	-0.1322880491	0.0415890232	-0.0850362987	0.027221722400000002	-0.0816192633	0.0726952781	0.0742127238	-0.0844698916	0.024959937	0.07875521440000001	0.0779848413	0.06608886110000001	0.0	0.0	0.00810718	0.10582338	0.0111985877546244	6.57263675524e-05	0.0349912	0.0135037	0.00018234991369	0.0012243840774400002	0.0195372	-0.08205579999999997	0.0067331543136399975	0.0003817021838400001	0.00127615	0.000497637	2.47642583769e-07	1.6285588225e-06	0.00313175	0.0005047300000000001	2.547523729000001e-07	9.8078580625e-06	0.0020005	0.00039825000000000017	4.0020002500000015e-06	1.5860306250000013e-07	0.0	0.0	0.0	0.0	0.0	0.0	0.0	0.0	0.0
961.7240835123739	-2.4684493179534	6.093242035304606	924913.2128077156	1751.5497308764936	-2.826671972782833	3067926.4597335174	7.9900744417159935	866.9699423662416	-0.09593817872189447	0.009204134136474166	751636.8809665244	865.5626184680074	1422.3888266848294	1.127285	54.31823000000001	0.21053622	0.125384	-0.035186728199999996	-0.0450171722	0.1016896339	0.027371180699999997	0.0171541908	0.1712025632	0.127144232	-0.08911861970000001	-0.0036337824	-0.078002243	0.0685410069	-0.2408507212	-0.0891991583	-0.0044753342	0.0737307904	0.0744391153	-0.2370617884	0.0	0.0	0.0473918	0.03928462	0.0015432813685444	0.00224598270724	0.0240429	-0.0109483	0.00011986527289000003	0.0005780610404099999	0.132071	0.1125338	0.012663856142439998	0.017442749041	0.0011598	-0.00011635000000000008	1.353732250000002e-08	1.3451360399999997e-06	0.00234907	-0.00078268	6.125879824e-07	5.5181298649e-06	0.00205686	5.6360000000000084e-05	4.2306730596000015e-06	3.1764496000000103e-09	0.0	0.0	0.0	0.0	0.0	0.0	0.0	0.0	0.0
962.6823986530756	0.9583151407016429	0.91836790889801	926757.400676439	1732.598188592132	-18.951542284361718	3001896.483112737	359.16095495595033	867.7108508668213	0.7409085005796214	0.5489454062311429	752922.120712023	866.4931359752237	1436.9909114066165	1.066081	51.369148	0.12477779999999998	0.0891006	0.0075271287	-0.14061610230000002	-0.1318450087	-0.0882069833	0.0310866088	-0.2172413691	0.0614480651	-0.0776563428	0.0737874499	0.0363873015	0.0008965392	-0.0789566767	-0.0770933813	0.0728100646	-0.0337628612	-0.0015304907999999999	-0.0835156324	0.0	0.0	0.0684748	0.021083000000000005	0.0004444928890000002	0.004688798235040001	0.0349774	0.0109345	0.00011956329024999999	0.0012234185107599998	0.0515692	-0.08050179999999997	0.0064805398032399975	0.0026593823886400005	0.00136509	0.00020529000000000006	4.2143984100000046e-08	1.8634707081e-06	0.00231449	-3.457999999999977e-05	1.195776399999984e-09	5.356863960100002e-06	0.00206216	5.299999999999749e-06	4.2525038656e-06	2.8089999999997347e-11	0.0	0.0	0.0	0.0	0.0	0.0	0.0	0.0	0.0
965.9907970836446	3.3083984305690137	10.945500175391514	933138.220050295	1714.2057376048974	-18.392450987234497	2938501.3108375506	338.28225331782323	865.8303032808917	-1.8805475859295484	3.5364592229454517	749662.114079481	864.4515729861528	1438.1446600671238	1.150418	55.43291899999999	0.13404434	0.0707876	0.0431809998	0.0316373364	0.1698042948	-0.0383491818	-0.0033173856	0.032703301000000004	-0.2028891884	-0.0736611838	0.0739501635	0.0690398186	-0.0453886746	-0.0541691766	-0.0735484411	0.0736255945	-0.0628544242	-0.050127829900000004	-0.0577417911	0.0	0.0	0.008171559999999998	-0.060303240000000015	0.0036364807544976008	6.677439283359998e-05	0.0451899	0.0102125	0.00010429515625	0.00204212706201	0.0312521	-0.020317100000000005	0.0004127845524100002	0.0009766937544099998	0.00146802	0.00010293	1.0594584899999998e-08	2.1550827204e-06	0.00170337	-0.0006111200000000003	3.7346765440000023e-07	2.9014693569000008e-06	0.00221234	0.0001501800000000002	4.894448275600002e-06	2.2554032400000058e-08	0.0	0.0	0.0	0.0	0.0	0.0	0.0	0.0	0.0
962.166665902	-3.8241311816445887	14.623979294426437	925764.6929729708	1653.8542065422916	-60.35153106260577	2735233.736497633	3642.307301600669	865.8362417773245	0.005938496432804641	3.5265739882433446e-05	749672.3975750816	864.3898087750711	1398.7438677375021	1.078353	51.960453	0.17675126	0.0995977	-0.1127002017	-0.0785520153	0.0211933653	0.0287931146	-0.1577090868	0.0140980398	0.0211918786	-0.06926889559999999	0.0097195546	-0.0772393271	0.0201521056	-0.10834752660000001	-0.0686451376	0.008245767	0.0769575398	0.0232451946	-0.1106440494	0.0	0.0	-0.0594101	-0.06758166	0.0045672807683556	0.0035295599820100005	0.027203300000000003	-0.0179866	0.00032351777955999983	0.0007400195308900003	0.08909509999999997	0.05784299999999998	0.003345812648999997	0.007937936844009995	0.00103516	-0.00043286	1.873677796e-07	1.0715562256e-06	0.00148952	-0.00021385	4.5731822500000013e-08	2.2186698304e-06	0.00219225	-2.008999999999995e-05	4.8059600625000006e-06	4.0360809999999807e-10	0.0	0.0	0.0	0.0	0.0	0.0	0.0	0.0	0.0
970.313979112809	8.147313210808989	66.37871255502267	941509.2180617328	1816.0583047133225	162.2040981710309	3298067.766118227	26310.169463477418	870.4571463597722	4.620904582447679	21.352759160085963	757695.643648798	868.9376831369095	1498.0075633381991	1.283862	61.862896	0.21694395	0.125631	0.1822242902	-0.0211238069	0.0686512963	0.0008144157000000001	0.1676211759	0.08726602550000001	0.0012615843	-0.0768206465	-0.0971957816	-0.0677593842	0.0163940247	0.0073613883	-0.076257708	-0.0981957017	0.0651690351	0.0212390661	0.0002528287	0.0	0.0	0.015607	0.0750171	0.005627565292410001	0.000243578449	0.0420736	0.01487029999999999	0.00022112582208999975	0.0017701878169599995	0.00824555	-0.08084954999999996	0.0065366497352024955	6.798909480250001e-05	0.00148501	0.0004498499999999999	2.0236502249999992e-07	2.2052547001e-06	0.00118744	-0.0003020800000000001	9.125232640000008e-08	1.4100137535999997e-06	0.00236446	0.0001722099999999999	5.590671091600002e-06	2.9656284099999964e-08	0.0	0.0	0.0	0.0	0.0	0.0	0.0	0.0	0.0
957.3012069463614	-13.012772166447576	169.33223945587272	916425.6008209601	1680.65424058	-135.40406413332244	2824598.6763795367	18334.26058382089	861.8849851732463	-8.572161186525932	73.48194740778166	742845.7276670869	860.3618886309619	1386.8237806244001	1.316348	63.428257	0.17787462999999998	0.107705	-0.10033096679999999	-0.051735319800000006	0.09163357820000001	0.0476898658	-0.0939489596	0.08978053609999999	0.0476153088	-0.0670006351	0.1178239733	-0.08706614210000001	0.0068135452	-0.07025843400000001	-0.0678613362	0.1151039471	0.0910336917	0.0090609821	-0.06997969059999999	0.0	0.0	0.00519672	-0.01041028	0.00010837392967839998	2.70058987584e-05	0.022555900000000004	-0.019517699999999992	0.0003809406132899997	0.0005087686248100001	0.103697	0.09545145	0.009110979307102498	0.010753067809	0.0011598	-0.00032521000000000004	1.0576154410000004e-07	1.3451360399999997e-06	0.000575846	-0.0006115939999999999	3.7404722083599994e-07	3.31598615716e-07	0.00247756	0.00011310000000000008	6.1383035536000015e-06	1.279161000000002e-08	0.0	0.0	0.0	0.0	0.0	0.0	0.0	0.0	0.0
965.3600866779036	8.05887973154222	64.945542527462	931920.0969507695	1773.3454736562876	92.69123307628752	3144754.168937243	8591.664689202658	868.4777626660558	6.592777492809546	43.46471506969613	754253.624245438	867.2809780239587	1461.0173168671722	1.182312	56.969738	0.122117186	0.0925186	0.08702804880000001	-0.0923760567	-0.12051724859999999	-0.1004105168	0.10509973789999999	-0.1459518144	0.0407374455	-0.0634874554	0.043517540199999996	-0.1148341997	0.0204221225	-0.0074991936	-0.0627822057	0.0382529652	0.11578453650000001	0.0265586331	-0.013466599499999999	0.0	0.0	0.000684334	-0.004512386	2.0361627412995998e-05	4.6831302355600005e-07	0.034919	0.012363099999999995	0.00015284624160999988	0.0012193365609999998	0.0184286	-0.0852684	0.007270700038559999	0.00033961329795999983	0.00140514	0.0002453400000000001	6.019171560000009e-08	1.9744184196e-06	0.000635212	5.9366000000000034e-05	3.524321956000005e-09	4.03494284944e-07	0.0023828000000000005	-9.475999999999972e-05	5.677735840000002e-06	8.979457599999948e-09	0.0	0.0	0.0	0.0	0.0	0.0	0.0	0.0	0.0
962.8751598045038	-2.484926873399786	6.174861566144437	927128.5733685488	1762.0323084543445	-11.313165201943093	3104757.856036946	127.98770688645612	865.6583870471326	-2.819375618923232	7.948878880578756	749364.4430650431	864.2177708138713	1439.4860488756253	1.089326	52.489212	0.119127236	0.0593532	-0.013214300200000001	0.0826254237	0.0747859226	-0.0087869939	0.026764694	0.16974767629999998	0.0233147587	-0.041905587700000003	0.0884902706	-0.1280560813	-0.025533142400000004	-0.167167487	-0.0411580868	0.0848846733	0.1311268337	-0.0198021837	-0.16690974349999999	0.0	0.0	0.00327342	0.002589086	6.703366315396e-06	1.07152784964e-05	0.021632	-0.013287	0.000176544369	0.000467943424	0.0337455	0.0153169	0.00023460742561000005	0.0011387587702499998	0.00191449	0.00050935	2.594374225e-07	3.6652719601e-06	-0.000318653	-0.000953865	9.09858438225e-07	1.01539734409e-07	0.00267827	0.0002954699999999995	7.1731301929e-06	8.730252089999971e-08	0.0	0.0	0.0	0.0	0.0	0.0	0.0	0.0	0.0
963.0275240916756	0.15236428717173567	0.02321487600535113	927422.0121581429	1678.1958140424015	-83.83649441194302	2816341.190269438	7028.557795283754	863.1239470291542	-2.5344400179783406	6.4233862047300505	744982.9479351862	861.7256631228232	1412.768559066703	1.066481	51.38842800000001	0.12891742	0.06499730000000001	-0.0902540207	-0.021034996099999998	-0.09359494689999999	0.08583640070000001	-0.1024387062	-0.0242766325	0.1346964595	-0.0244921635	0.20741556390000002	-0.102275916	-0.0751157382	-0.009138265	-0.0242850773	0.2026218366	0.1116942882	-0.0722694623	-0.0134293078	0.0	0.0	-0.024121	-0.02739442	0.0007504542471364	0.000581822641	0.0277463	0.0061143000000000005	3.738466449e-05	0.0007698571636899999	0.07408	0.0403345	0.0016268718902499994	0.0054878463999999995	0.00136574	-0.00054875	3.011265625e-07	1.8652457476e-06	-0.000601587	-0.00028293400000000004	8.0051648356e-08	3.6190691856900003e-07	0.00294807	0.00026980000000000016	8.691116724900001e-06	7.279204000000009e-08	0.0	0.0	0.0	0.0	0.0	0.0	0.0	0.0	0.0
966.4615688458478	3.4340447541721915	11.792663373657547	934047.9640559772	1766.1887544936685	87.99294045126703	3119422.7164998963	7742.757569260226	867.5042231901268	4.380276160972585	19.186819246384726	752563.5772527053	866.1149676522368	1451.8156142969324	1.136999	54.786335	0.17356911999999994	0.0961986	0.10993689779999999	0.0929102266	0.0396630772	-0.0982888659	0.10831789539999999	0.0016309857999999998	-0.1380484227	-0.0335551636	-0.0058744328	-0.2030305896	0.0061884359	0.1190722628	-0.0323098123	-0.010798740800000001	0.20182660800000002	0.0163951123	0.10965455029999999	0.0	0.0	-0.014092	0.010029	0.00010058084100000003	0.000198584464	0.0052223	-0.022524000000000002	0.0005073305759999999	2.7272417289999998e-05	0.00484688	-0.06923312	0.0047932249049344	2.34922457344e-05	0.00195895	0.00059321	3.518981041000001e-07	3.8374851025000015e-06	-0.000216597	0.00038499	1.4821730009999998e-07	4.691426040900001e-08	0.00340553	0.0004574599999999998	1.15976345809e-05	2.0926965159999984e-07	0.0	0.0	0.0	0.0	0.0	0.0	0.0	0.0	0.0
963.8210948094342	-2.640474036413593	6.972103136974294	928951.1027996562	1690.8886898988806	-75.30006459478795	2859104.5616279533	5670.099727979238	863.0812350460087	-4.422988144118108	19.562824123009342	744909.2182885438	861.5485700608136	1417.0495071138564	1.021931	49.241772	0.11632449999999997	0.048051599999999986	-0.08676090539999999	0.0393165417	0.026884948500000002	0.0331695019	-0.08723965460000001	0.0529913799	0.0120534253	-0.0183667366	0.1768929299	-0.18128593899999998	0.011047559399999999	-0.0814922065	-0.018384883600000002	0.1727243901	0.1855141145	0.0178628641	-0.0811220304	0.0	0.0	-0.0317447	-0.0176527	0.00031161781729000004	0.00100772597809	-0.00130058	-0.00652288	4.25479634944e-05	1.6915083364e-06	0.0515148	0.04666792	0.0021778947571264003	0.00265377461904	0.00231345	0.0003544999999999998	1.2567024999999983e-07	5.352050902499998e-06	-0.000473067	-0.00025647	6.577686089999997e-08	2.2379238648899998e-07	0.00370418	0.0002986500000000001	1.37209494724e-05	8.919182250000008e-08	0.0	0.0	0.0	0.0	0.0	0.0	0.0	0.0	0.0
963.4644213021538	-0.35667350728033403	0.12721599079565446	928263.6911150941	1721.0990529483595	30.210363049478932	2962181.95005974	912.6660355813217	864.7457508473892	1.6645158013805033	2.7706128530453777	747785.213608615	863.494403843125	1435.495690384976	1.0278200000000002	49.525509	0.069771342	0.0426319	0.0172789526	-0.0001097449	-0.16774505050000002	-0.058743641299999996	0.0334103838	-0.1795597562	-0.014559087	-0.030831673900000002	0.018330504299999998	-0.1378448756	-0.0542192958	-0.10757722859999999	-0.029601478900000002	0.013407510800000001	0.1414028772	-0.0453087309	-0.1131600276	0.0	0.0	-0.0269957	0.004749000000000001	2.2553001e-05	0.00072876781849	-0.0006422880000000001	0.0006582919999999999	4.333483572639999e-07	4.125338749440001e-07	0.0621022	0.010587399999999995	0.00011209303875999993	0.00385668324484	0.00182607	-0.0004873799999999999	2.3753926439999995e-07	3.3345316449e-06	-0.00105065	-0.000577583	3.3360212188900003e-07	1.1038654225e-06	0.00369361	-1.057000000000011e-05	1.36427548321e-05	1.1172490000000235e-10	0.0	0.0	0.0	0.0	0.0	0.0	0.0	0.0	0.0
961.346148887601	-2.118272414552848	4.487078022255553	924186.4179810216	1749.9141790739886	28.81512612562915	3062199.634124192	830.3114936359157	862.8733944460927	-1.8723564012965423	3.5057184934761394	744550.4948429222	861.3709883088243	1427.1296044875467	1.040281	50.12595	0.10791283199999999	0.06769700000000001	-0.0287477041	0.13360025550000001	0.0885852149	-0.0153551385	0.0153619591	0.14089037869999999	-0.059045832199999995	0.0037420587	0.21092098480000002	0.047316244199999996	-0.1614659204	-0.0560304409	0.0045034042	0.2094562071	-0.032443018500000004	-0.16823386489999995	-0.0605202058	0.0	0.0	-0.013748	0.0132477	0.00017550155529000004	0.000189007504	-0.00190122	-0.001258932	1.5849097806239996e-06	3.6146374884e-06	0.0168895	-0.0452127	0.0020441882412899994	0.00028525521025000013	0.00230295	0.0004768799999999998	2.2741453439999985e-07	5.303578702499999e-06	-0.00118475	-0.00013410000000000006	1.7982810000000015e-08	1.4036325625e-06	0.004046500000000001	0.00035289000000000067	1.6374162250000005e-05	1.2453135210000047e-07	0.0	0.0	0.0	0.0	0.0	0.0	0.0	0.0	0.0
966.2518713687673	4.905722481166322	24.06611306222065	933642.6789236448	1678.8671572871467	-71.04702178684192	2818594.931817425	5047.679304779991	865.387304266547	2.5139098204542734	6.319742585376438	748895.1863857211	864.0024208958554	1417.1243511542975	0.966325	46.562405	0.09958376000000002	0.041553	-0.10231325529999999	0.0056381897	-0.12060183810000001	-0.008267081800000001	-0.0984754195	-0.1131070483	0.0435612104	-0.0084573567	0.0964183789	-0.0845109941	-0.0861678536	-0.06637197480000001	-0.0074820499	0.0934866484	0.0913142319	-0.0814538019	-0.0676338822	0.0	0.0	-0.0470399	-0.033291900000000006	0.00110835060561	0.0022127521920100005	-0.008991509999999998	-0.0070902899999999965	5.0272212284099955e-05	8.084725208009998e-05	0.00568138	-0.011208120000000002	0.00012562195393440005	3.22780787044e-05	0.00247079	0.00016784000000000026	2.8170265600000088e-08	6.1048032241e-06	-0.000930621	0.000254129	6.458154864099997e-08	8.660554456410001e-07	0.0045844	0.0005378999999999991	2.101672336e-05	2.8933640999999907e-07	0.0	0.0	0.0	0.0	0.0	0.0	0.0	0.0	0.0
961.287868850036	-4.964002518731263	24.64132100597032	924074.3667982441	1764.545680367735	85.6785230805883	3113621.458104433	7340.809317270906	864.0796316363502	-1.3076726301967485	1.7100077077656817	746633.6098088106	862.7434087205593	1453.9561804987088	1.189849	57.332928	0.16716266000000002	0.100658	0.0978337918	0.0785757285	-0.0520668658	-0.03371025	0.09698271800000001	-0.021382093199999997	-0.0760781162	-0.007986028499999999	0.0449641929	0.048448772800000005	-0.1741121808	-0.101432088	-0.0070527459999999995	0.04367574230000002	-0.037706615299999996	-0.17671874629999998	-0.1089866561	0.0	0.0	-0.030253	0.016786900000000004	0.0002818000116100001	0.000915244009	-0.0185364	-0.009544890000000006	9.110492511210008e-05	0.0003435981249600001	0.0838183	0.07813692	0.0061053782670864	0.007025507414889999	0.00185446	-0.00061633	3.798626689e-07	3.4390218916000008e-06	-0.00151422	-0.0005835989999999999	3.4058779280099977e-07	2.2928622084e-06	0.00463835	5.395000000000053e-05	2.1514290722500006e-05	2.9106025000000565e-09	0.0	0.0	0.0	0.0	0.0	0.0	0.0	0.0	0.0
965.4642228867848	4.176354036748761	17.44193304026768	932121.1656743832	1710.4010562106705	-54.144624157064534	2925471.7730865767	2931.6403251097754	866.4379931441116	2.3583615077614013	5.56186900129063	750714.7959635956	864.9793541620198	1424.8324779355567	1.096593	52.83937099999999	0.15645909999999996	0.0998281	-0.07945127440000001	0.0961313297	0.0414909797	0.053758824000000004	-0.0675024437	0.0662771557	-0.046554559599999996	0.0028652468	0.0660874436	-0.0525506512	-0.1023082522	-0.0584639488	0.0035037896999999996	0.0640910236	0.060285725599999986	-0.09994852289999999	-0.05944973980000001	0.0	0.0	-0.018394	0.011858999999999998	0.00014063588099999996	0.00033833923600000003	-0.026241700000000003	-0.007705300000000002	5.9371648090000026e-05	0.0006886268188900003	0.010560000000000002	-0.07325830000000001	0.00536677851889	0.00011151360000000004	0.00237698	0.0005225199999999998	2.730271503999998e-07	5.6500339204e-06	-0.00146328	5.093999999999997e-05	2.594883599999997e-09	2.1411883584e-06	0.00533762	0.0006992700000000001	2.8490187264400004e-05	4.889785329000002e-07	0.0	0.0	0.0	0.0	0.0	0.0	0.0	0.0	0.0
963.38724991731	-2.0769729694748094	4.313816715929008	928114.9933032376	1672.9723490427234	-37.428707167947096	2798836.480661528	1400.9081202639347	864.7834316848947	-1.6545614592168931	2.7375736223259346	747850.3837167029	863.3578166628866	1416.3079292806478	0.915698	44.122917	0.0785987	0.0550119	-0.088120006	-0.0037512409999999998	-0.1449672364	0.09981186980000001	-0.08389580449999999	-0.06546871950000001	0.123248417	0.0062440829000000005	0.1058310185	-0.13804546439999998	-0.052206558	-0.106919943	0.0064741873	0.1026504933	0.1433860892	-0.044194669000000006	-0.1058774862	0.0	0.0	-0.017194400000000002	0.0011995999999999984	1.439040159999996e-06	0.00029564739136000014	-0.0403895	-0.01414779999999999	0.00020016024483999976	0.0016313117102499993	0.0596913	0.0491313	0.0024138846396900004	0.003563051295690001	0.0022524	-0.00012458	1.55201764e-08	5.07330576e-06	-0.00139342	6.985999999999993e-05	4.8804195999999895e-09	1.9416192964e-06	0.00542558	8.795999999999977e-05	2.94369183364e-05	7.73696159999996e-09	0.0	0.0	0.0	0.0	0.0	0.0	0.0	0.0	0.0
978.8391787432936	15.4519288259836	238.7621044432629	958126.1378428455	1729.1111606169034	56.138811574179954	2989825.4057699344	3151.566164961281	867.1235146735124	2.3400829886177235	5.475988393618056	751903.1896997452	865.7217219037061	1504.8464491696093	1.541205	74.26301600000002	0.3810322	0.16583599999999998	0.13723975929999999	0.18567923649999998	0.020262342	0.17414559649999994	0.0229558948	0.044281527599999995	-0.1267129866	0.0635901561	0.049157445599999995	-0.0813700025	-0.117353811	0.1782975453	0.064291835	0.044777398200000006	0.0883619378	-0.11475755	0.16707772099999998	0.0	0.0	-0.105272	-0.0880776	0.007757663621760002	0.011082193984	-0.016326900000000002	0.024062599999999996	0.0005790087187599996	0.0002665676636100001	-0.0135427	-0.07323400000000001	0.005363218756000001	0.00018340472329000004	0.00243746	0.0001850599999999999	3.424720359999997e-08	5.9412112515999986e-06	-0.00286868	-0.0014752600000000002	2.1763920676000006e-06	8.2293249424e-06	0.00767842	0.00225284	5.89581336964e-05	5.0752880656e-06	0.0	0.0	0.0	0.0	0.0	1.0	0.0	0.0	0.0
961.8059826276892	-17.03319611560437	290.12976991263974	925070.7482184148	1689.7419336984851	-39.36922691841824	2855227.8024990964	1549.9360281539068	866.7617354416627	-0.3617792318497095	0.13088421259776584	751275.906025843	865.2862525167302	1406.005591389588	1.691041	81.482849	0.42161548	0.200285	-0.08738132119999999	0.0821495061	-0.0379803897	0.011749106499999998	-0.0554840659	-0.0188758228	0.013311199	0.067557929	0.07223771030000001	-0.0627776325	-0.0476190133	-0.1035466223	0.0672752547	0.07157902599999999	0.0665749118	-0.044204499800000005	-0.10003972380000001	0.0	0.0	0.00978868	0.11506068	0.0132389600820624	9.581825614239997e-05	-0.109298	-0.0929711	0.00864362543521	0.011946052804	0.0509715	0.0645142	0.004162082001639999	0.00259809381225	0.00336925	0.00093179	8.682326041000002e-07	1.13518455625e-05	-0.00205431	0.00081437	6.631984969e-07	4.220189576100002e-06	0.00891365	0.0012352300000000006	7.94531563225e-05	1.5257931529000009e-06	0.0	0.0	0.0	0.0	0.0	0.0	1.0	0.0	0.0
960.797485911368	-1.0084967163212468	1.0170656268307374	923131.8089336052	1727.6896351470043	37.947701448519176	2984911.4753943887	1440.0280452259449	866.8711900049631	0.10945456330034632	0.011980301427269515	751465.6600606208	865.5726122724443	1404.8938411862162	1.206055	58.113804	0.1524835999999999	0.07635039999999997	0.0071241128	0.10102115210000001	-0.1320034272	-0.15151437140000001	0.0411264702	-0.1015412289	-0.0768799579	0.0818062059	0.0260288407	0.0745435834	-0.1508270886	-0.07675340900000001	0.0826646321	0.0253915829	-0.06615854809999999	-0.15532097150000002	-0.0822847691	0.0	0.0	-0.00549522	-0.0152839	0.00023359759921	3.01974428484e-05	-0.105669	0.0036290000000000072	1.3169641000000051e-05	0.011165937561	0.0638462	0.01287470000000001	0.00016575790009000025	0.0040763372544400005	0.00261529	-0.0007539599999999997	5.684556815999996e-07	6.8397417841000014e-06	-0.00272385	-0.0006695399999999997	4.482838115999997e-07	7.4193588225e-06	0.00990407	0.0009904199999999988	9.80906025649e-05	9.809317763999976e-07	0.0	0.0	0.0	0.0	0.0	0.0	0.0	0.0	0.0
963.6803877152304	2.8829018038624104	8.311122810713137	928679.8896669769	1679.3880089641325	-48.30162618287181	2820344.0846525133	2333.047091909888	868.8521913682325	1.9810013632694563	3.924366401275445	754904.1304453799	867.3380937715938	1380.7369760438867	1.047311	50.464699	0.17841070000000006	0.105097	-0.1312150783	0.1576282979	0.0209594959	-0.066539764	-0.1110540066	0.0039921637	-0.15304857060000002	0.1008603799	0.030108177799999997	-0.0819611759	-0.0634679132	0.049010285300000005	0.1010257296	0.0283653738	0.08530727880000001	-0.0600165329	0.0470009979	0.0	0.0	-0.0133416	-0.00784638	6.15656791044e-05	0.00017799829055999998	-0.113708	-0.00803899999999999	6.462552099999985e-05	0.012929509263999998	-0.00231012	-0.06615632	0.0043766586759424	5.3366544144e-06	0.0032956	0.0006803099999999995	4.6282169609999936e-07	1.0860979359999996e-05	-0.00298609	-0.00026224	6.876981759999998e-08	8.916733488099999e-06	0.010888900000000002	0.0009848300000000023	0.00011856814321000005	9.69890128900005e-07	0.0	0.0	0.0	0.0	0.0	0.0	0.0	0.0	0.0
964.897653474686	1.2172657594555858	1.481735929142984	931027.4816809552	1691.3714047042574	11.983395740124935	2860737.228651253	143.60177346444442	866.1997637441626	-2.652427624069901	7.035372300929099	750302.0307104432	864.9654275789642	1416.7722505718973	1.106992	53.34044300000001	0.27934212	0.14594299999999996	-0.055513077599999995	0.055014111399999996	-0.19799738100000008	0.052062316399999996	-0.034032279900000004	-0.1274857081	0.0683243075	0.10038855630000001	0.0538040168	0.0514799311	-0.1381463339	-0.1041730025	0.1004742883	0.0527245393	-0.043133129900000004	-0.140180823	-0.1052177441	0.0	0.0	-0.115749	-0.1024074	0.010487275574760004	0.013397831001	-0.142656	-0.028948000000000012	0.0008379867040000009	0.020350734336	0.0993686	0.10167872	0.0103385621008384	0.009874118665959998	0.00308768	-0.00020791999999999943	4.3230726399999766e-08	9.5337677824e-06	-0.00324743	-0.0002613400000000001	6.829859560000003e-08	1.05458016049e-05	0.0113458	0.00045689999999999793	0.00012872717764000002	2.087576099999981e-07	0.0	0.0	0.0	0.0	0.0	0.0	0.0	0.0	0.0
961.2903255753197	-3.6073278993662825	13.012814573546354	924079.090044704	1715.7048482161301	24.333443511872698	2943643.1261923336	592.1164731454996	867.9941155945926	1.7943518504299618	3.2196985631414283	753413.784706839	866.6914902797032	1408.1690161338565	1.1079629999999998	53.38721500000001	0.25205609100000004	0.15482	-0.0210939191	0.2094555914	0.06455972530000001	-0.059590367699999994	0.0032155131	0.050418446500000005	-0.1461294206	0.11221817619999999	0.049785218	-0.0282238956	-0.09383810769999999	-0.028277031499999997	0.1128220618	0.0467440638	0.0340082326	-0.0918669724	-0.0293127942	0.0	0.0	-0.0132681	0.1024809	0.01050233486481	0.00017604247761000006	-0.129844	0.01281199999999999	0.00016414734399999975	0.016859464336000003	-0.000931591	-0.100300191	0.01006012831463648	8.678617912810001e-07	0.00347074	0.0003830599999999997	1.467349635999998e-07	1.20460361476e-05	-0.00344053	-0.00019309999999999987	3.728760999999995e-08	1.18372466809e-05	0.0114989	0.00015309999999999976	0.00013222470121	2.3439609999999932e-08	0.0	0.0	0.0	0.0	0.0	0.0	0.0	0.0	0.0
960.9587259305664	-0.3315996447532825	0.10995832440050317	923441.6729420973	1664.5568791225814	-51.14796909354868	2770749.603834308	2616.1147423946113	866.4252024756537	-1.5689131189388943	2.4614883747785696	750692.6314849777	864.7671966847072	1399.0916338014738	1.024595	49.370113	0.209146691	0.136883	-0.1235939483	0.0761423317	-0.0766573305	0.12859873619999998	-0.1208688312	0.070222631	0.1182084605	0.10548228789999999	0.0509269433	-0.07674682	-0.0496921392	-0.10364024179999999	0.1050232796	0.050639138099999995	0.0794326006	-0.0453706529	-0.09731435949999999	0.0	0.0	0.0210435	0.0343116	0.0011772858945599998	0.00044282889225	-0.123383	0.006461000000000022	4.1744521000000295e-05	0.015223364688999997	0.120471	0.12140259099999999	0.014738589101513282	0.014513261841000004	0.00308923	-0.00038150999999999984	1.4554988009999988e-07	9.5433419929e-06	-0.00378525	-0.0003447200000000002	1.1883187840000012e-07	1.43281175625e-05	0.0117121	0.00021320000000000196	0.00013717328641000006	4.545424000000082e-08	0.0	0.0	0.0	0.0	0.0	0.0	0.0	0.0	0.0
969.042152643648	8.083426713081622	65.34178742576155	939042.6936002352	1817.931352265488	153.37447314290648	3304874.401549825	23523.729011864147	870.5724451013768	4.147242625723152	17.199621396615058	757896.3821697899	869.1276233791832	1481.3606487900918	1.307166	62.98584399999999	0.2100387	0.147521	0.1368541599	0.1277651481	-0.1229667748	-0.0699213117	0.16792910190000002	-0.0177767155	0.015118223100000001	0.09957007080000001	-0.1305979695	0.0147046203	-0.0953887816	-0.1795983666	0.1003472993	-0.130454614	-0.0139438976	-0.09242971259999999	-0.1789826025	0.0	0.0	0.010392	-0.0106515	0.00011345445224999997	0.000107993664	-0.110159	0.013224000000000001	0.000174874176	0.012135005280999998	-0.0159507	-0.1364217	0.01861088023089	0.0002544248304900001	0.00336143	0.0002721999999999998	7.409283999999987e-08	1.1299211644899997e-05	-0.00409148	-0.0003062299999999998	9.377681289999986e-08	1.6740208590399994e-05	0.0121285	0.0004163999999999991	0.00014710051224999998	1.7338895999999918e-07	0.0	0.0	0.0	0.0	0.0	0.0	0.0	0.0	0.0
960.9368724560713	-8.105280187576682	65.69556691912311	923399.6728456559	1736.6261240716517	-81.30522819383623	3015870.294808128	6610.540131651782	863.6812230135141	-6.8912220878627295	47.48894186424716	745945.2549861196	862.1048995650583	1431.2944334445542	1.265243	60.965763	0.2821012	0.122024	-0.038032582599999996	0.15442213300000002	0.009554763	0.1578791967	-0.0192040184	0.1854863485	0.1306601199	0.1330346091	0.11361928730000001	0.0293760954	-0.1498345606	-0.0702814754	0.1325694114	0.1138595216	-0.018532688999999998	-0.1530678824	-0.0672941848	0.0	0.0	-0.0371092	-0.04750119999999999	0.0022563640014400003	0.0013770927246400002	-0.154615	-0.04445600000000001	0.0019763359360000007	0.023905798224999997	0.0774003	0.093351	0.008714409201	0.0059908064400900005	0.00349652	0.00013509000000000004	1.8249308100000007e-08	1.22256521104e-05	-0.00521545	-0.0011239700000000002	1.2633085609000004e-06	2.72009187025e-05	0.0128053	0.0006768	0.00016397570809	4.5805824000000003e-07	0.0	0.0	0.0	0.0	0.0	0.0	0.0	0.0	0.0
967.6731834040532	6.736310947981906	45.37788518790089	936391.3898793344	1709.5651248446586	-27.06099922699309	2922612.9160851333	732.2976791633206	870.786855440484	7.105632426969919	50.49001218720642	758269.7476079266	869.6945118189592	1424.292035587412	1.102459	53.122021	0.2003494	0.10302	-0.04999808730000002	0.06301274330000001	-0.2089348369	-0.0415773765	-0.0241180355	-0.2361942132	0.0232738317	0.1394217281	-0.0611236344	-0.0391655183	-0.059122740199999996	-0.0104885735	0.14031012539999999	-0.0640918081	0.0402614427	-0.0558069303	-0.014020246699999999	0.0	0.0	-0.13336300000000004	-0.09625380000000004	0.009264794014440006	0.01778568976900001	-0.138557	0.016058000000000017	0.00025785936400000054	0.019198042249	0.0277142	-0.04968610000000001	0.0024687085332100013	0.0007680768816399999	0.00327895	-0.00021756999999999983	4.733670489999992e-08	1.07515131025e-05	-0.00498189	0.00023355999999999984	5.455027359999993e-08	2.48192279721e-05	0.0131212	0.0003159000000000009	0.00017216588944000006	9.979281000000057e-08	0.0	0.0	0.0	0.0	0.0	0.0	0.0	0.0	0.0
968.0079013966983	0.3347179926450963	0.11203613460036273	937039.29716644	1741.4639201756765	31.898795331017933	3032696.585273635	1017.5331435701717	866.1312987353897	-4.655556705094341	21.674208234348875	750183.426649053	864.8312665425075	1448.0536714173984	1.109608	53.466484	0.0772383800000001	0.0520773	0.08371499519999999	0.20761826460000002	0.0543207622	-0.0049501085	0.0596670058	0.014222078300000001	-0.1641517639	0.1414514677	0.010564698899999999	-0.0242497569	-0.0420991233	-0.0350508243	0.1418117903	0.0083487291	0.0266755585	-0.042400233899999994	-0.0360566123	0.0	0.0	-0.12574200000000002	0.0076210000000000175	5.8079641000000255e-05	0.01581105056400001	-0.131114	0.0074429999999999765	5.5398248999999656e-05	0.017190880996000003	-0.00859468	-0.03630888	0.0013183347668544	7.38685243024e-05	0.00371694	0.00043799000000000013	1.9183524010000007e-07	1.38156429636e-05	-0.00492777	5.4120000000000376e-05	2.928974400000041e-09	2.42829171729e-05	0.0131464	2.5199999999997794e-05	0.00017282783295999998	6.350399999998888e-10	0.0	0.0	0.0	0.0	0.0	0.0	0.0	0.0	0.0
966.5970268990428	-1.4108744976555272	1.9905668481347365	934309.8124100687	1733.0537843647794	-8.410135810897144	3003475.419501084	70.73038435773458	865.8594879783474	-0.2718107570423172	0.07388108764391757	749712.6529221259	864.1542638829694	1468.1010212771932	1.271744	61.278996	0.25917117999999995	0.165141	-0.0018729466	0.0998710959	-0.033626903	0.31942416760000003	-0.0141491422	0.1629975646	0.2129337156	0.1627769832	0.0926040355	0.1417790932	-0.1488348905	-0.047959087000000004	0.1614556149	0.0960951547	-0.1306347654	-0.1584116256	-0.043331533	0.0	0.0	-0.131026	-0.005283999999999983	2.7920655999999822e-05	0.017167812676	-0.161436	-0.030321999999999988	0.0009194236839999993	0.026061582096000003	0.122354	0.13094867999999998	0.017147556793742396	0.014970501315999998	0.00327806	-0.00043888	1.926156544e-07	1.07456773636e-05	-0.00489902	2.875000000000013e-05	8.265625000000074e-10	2.40003969604e-05	0.0145311	0.0013847000000000009	0.00021115286721	1.9173940900000025e-06	0.0	0.0	0.0	0.0	0.0	0.0	0.0	0.0	0.0
964.2458511366648	-2.3511757623780345	5.528027465593929	929770.0614342709	1762.3327423863157	29.27895802153625	3105816.694886872	857.2573828268823	871.5538658484952	5.694377870147831	32.425939328029365	759606.1410754567	870.3480607263147	1443.6222656380069	1.356508	65.363388	0.24415058999999995	0.149451	0.044397958200000004	0.0800968174	-0.1850407523	-0.08659103300000001	0.08585822789999999	-0.1830378191	-0.0082429034	0.1571849357	-0.0417649881	0.048515124900000005	-0.0447137267	-0.0379609414	0.1579335704	-0.041806701	-0.0473329406	-0.0461284136	-0.0377322852	0.0	0.0	-0.100655	0.030371000000000013	0.0009223976410000004	0.010131429025	-0.16581500000000002	-0.004379000000000022	1.9175641000000192e-05	0.027494614225000002	-0.008425089999999998	-0.13077909	0.0171031703812281	7.098214150809996e-05	0.00367984	0.00040178	1.614271684e-07	1.3541222425600004e-05	-0.00417247	0.0007265499999999994	5.278749024999993e-07	1.74095059009e-05	0.0149752	0.00044410000000000115	0.00022425661504000004	1.9722481000000092e-07	0.0	0.0	0.0	0.0	0.0	0.0	0.0	0.0	0.0
968.4769317661028	4.231080629437997	17.902043292805438	937947.5673630844	1819.862960047976	57.530217661660345	3311901.1933545815	3309.725944198016	868.9259924959479	-2.62787335254734	6.905718357028396	755032.3804350679	867.5753326469531	1497.4053273191425	1.378011	66.39949	0.25972069000000003	0.155904	0.06916851360000001	0.12982567009999998	-0.007192449	0.2787870333	0.1132456602	0.2253529715	0.2227099435	0.16925186329999994	0.0134723329	-0.0261179318	-0.0166545011	-0.0079910404	0.1689112194	0.0128159206	0.026167350699999998	-0.0136146403	-0.0073894651	0.0	0.0	-0.07857389999999999	0.02208110000000001	0.0004875749772100002	0.006173857761209997	-0.175919	-0.010103999999999974	0.00010209081599999947	0.030947494561000002	0.125047	0.13347209	0.017814798808968097	0.015636752208999998	0.00317183	-0.0005080100000000001	2.5807416010000016e-07	1.00605055489e-05	-0.00494743	-0.0007749599999999999	6.005630015999999e-07	2.44770636049e-05	0.0155735	0.0005982999999999995	0.00024253390225	3.579628899999995e-07	0.0	0.0	0.0	0.0	0.0	0.0	0.0	0.0	0.0
964.478808760836	-3.9981230052667343	15.9849875652431	930219.3725487214	1679.4281974205605	-140.4347626274155	2820479.0702912733	19721.922554218527	872.8956850197667	3.969692523818821	15.758458733663044	761946.8769261277	871.6783515746214	1396.0559385751733	1.441528	69.460075	0.2176212	0.14466099999999998	-0.098264165	0.0671296095	-0.17449333309999998	-0.0704559726	-0.0883773734	-0.2240984114	-0.0168425331	0.1704897907	-0.0861706974	0.051695096399999994	-0.0122368294	-0.10403842560000001	0.1710945046	-0.08555747400000001	-0.0531548967	-0.0137799216	-0.10140150810000001	0.0	0.0	-0.09728710000000003	-0.018713200000000027	0.00035018385424000095	0.00946477982641	-0.172262	0.0036569999999999936	1.3373648999999953e-05	0.029674196644000003	-0.0092045	-0.13425150000000002	0.01802346525225	8.472282025000002e-05	0.00353199	0.00036016	1.297152256e-07	1.24749533601e-05	-0.0043581	0.0005893299999999999	3.4730984889999986e-07	1.8993035609999998e-05	0.015844	0.0002704999999999999	0.000251032336	7.317024999999995e-08	0.0	0.0	0.0	0.0	0.0	0.0	0.0	0.0	0.0
961.9118471536839	-2.566961607152166	6.589291892593232	925274.401694612	1715.4199917810206	35.99179436046006	2942665.748201997	1295.4092612856448	867.1714618342697	-5.724223185496952	32.76673107738089	751986.3442197844	865.9620816308957	1423.1985176412552	1.147726	55.30320699999999	0.2044681	0.0976554	0.0376441006	0.16755879640000002	0.047881519000000004	0.0001758882	0.0061507546	0.0148291619	-0.1461900628	0.1828527316	0.0394300342	-0.0710286411	0.058367015999999994	-0.0101169035	0.18283456850000002	0.0373164411	0.0681221555	0.0620067392	-0.0076873567	0.0	0.0	-0.118772	-0.021484899999999987	0.0004616009280099994	0.014106787984	-0.214524	-0.042261999999999966	0.0017860766439999974	0.04602054657599999	0.0566687	0.06587319999999999	0.004339278478240001	0.0032113415596900004	0.00330426	-0.0002277300000000002	5.1860952900000096e-08	1.0918134147599997e-05	-0.00472443	-0.0003663299999999998	1.3419766889999983e-07	2.23202388249e-05	0.016746900000000002	0.0009029000000000015	0.0002804586596100001	8.152284100000029e-07	0.0	0.0	0.0	0.0	0.0	0.0	0.0	0.0	0.0
960.9239763254747	-0.9878708282092248	0.9758887732267796	923374.8882771614	1685.769940675363	-29.650051105657674	2841820.2928846166	879.1255305681116	867.4740317878534	0.30256995358365657	0.09154857681161607	752511.1958262736	865.9756980116667	1389.8857906348885	1.005509	48.450485	0.07108880000000012	0.0376094	-0.12045436050000001	0.10349091960000001	-0.005619350600000001	0.065038616	-0.1043187451	0.054674743399999996	0.008035391	0.1813994707	-0.0272541294	0.1231035924	-0.0483125411	0.0052862388	0.1812995514	-0.0240104792	-0.1197204223	-0.055529547900000004	0.0067012555	0.0	0.0	-0.127504	-0.008732000000000005	7.624782400000006e-05	0.016257270016	-0.195283	0.01924099999999998	0.00037021608099999917	0.038135450089	0.0335569	-0.0231118	0.0005341552992400001	0.0011260655376099998	0.00355464	0.0002503800000000001	6.269014440000008e-08	1.26354655296e-05	-0.00473203	-7.599999999999968e-06	5.775999999999951e-11	2.23921079209e-05	0.016888999999999998	0.00014209999999999567	0.00028523832099999985	2.0192409999998774e-08	0.0	0.0	0.0	0.0	0.0	0.0	0.0	0.0	0.0
975.2366226490784	14.312646323603758	204.85184478456813	951086.4701559809	1836.0698086213786	150.29986794601564	3371152.342130945	22590.050304589742	877.6704327677127	10.196400979859275	103.96659294207521	770305.3885546641	876.3661218210877	1543.1622216670028	1.373719	66.192688	0.14028609999999994	0.0683328	0.1941824164	0.0425090044	-0.1873915118	0.1426782136	0.18314703329999998	-0.0727600897	0.1203643559	0.1797642897	-0.17592852329999994	-0.045022535499999995	0.11175129689999999	0.06298267169999999	0.18019771	-0.1745121232	0.033665093199999996	0.1191902442	0.0624054551	0.0	0.0	-0.14388	-0.016375999999999998	0.00026817337600000004	0.020701454400000003	-0.162392	0.032890999999999976	0.0010818178809999985	0.026371161664	-0.0108577	-0.0444146	0.00197265669316	0.00011788964929000004	0.00360051	4.586999999999994e-05	2.1040568999999943e-09	1.29636722601e-05	-0.00419521	0.0005368199999999995	2.881757123999995e-07	1.7599786944100005e-05	0.016539599999999998	-0.0003493999999999997	0.00027355836816	1.2208035999999982e-07	0.0	0.0	0.0	0.0	0.0	0.0	0.0	0.0	0.0
967.6055918496913	-7.631030799387076	58.232631061194155	936260.5813787916	1738.2277540934867	-97.84205452789185	3021435.725100887	9573.067634238958	869.3691197562875	-8.301313011425123	68.91179771365603	755802.6663858222	867.9144387613519	1415.2132951563344	1.551634	74.765526	0.26570369999999993	0.121345	-0.0458766992	0.174007598	0.0788656574	0.0293981252	-0.0140842192	0.1265211332	-0.1001703659	0.18522218780000002	-0.0693995538	0.1630704523	-0.0380016783	0.028010128999999998	0.1853208878	-0.0657998446	-0.1616040744	-0.0483411999	0.0250282285	0.0	0.0	-0.223298	-0.07941799999999999	0.006307218723999998	0.049861996804	-0.16858399999999998	-0.006191999999999975	3.8340863999999694e-05	0.028420565055999995	0.074289	0.08514669999999999	0.007249960520889998	0.005518855520999999	0.00340952	-0.00019098999999999982	3.6477180099999936e-08	1.16248266304e-05	-0.00505946	-0.0008642499999999996	7.469280624999994e-07	2.55981354916e-05	0.0173833	0.0008437000000000028	0.00030217911888999997	7.118296900000047e-07	0.0	0.0	0.0	0.0	0.0	0.0	0.0	1.0	0.0
966.0847442471736	-1.520847602517733	2.3129774300839374	933319.7330671268	1695.236579680584	-42.991174412902645	2873827.061087125	1848.2410774006146	870.3175059802468	0.9483862239592328	0.8994364297956519	757452.5612156768	868.9748624648613	1420.0091547417676	1.216962	58.639351	0.25126157999999993	0.133829	-0.055855083300000004	0.0385873562	-0.1331349491	0.0026405803	-0.046688399900000004	-0.17723844809999995	0.0202227027	0.1845393074	-0.0381899453	0.0625741685	0.0296064502	0.0022208137	0.1842108148	-0.0362030152	-0.0644084801	0.0275805037	0.005565667900000001	0.0	0.0	-0.124055	0.099243	0.009849173049	0.015389643025	-0.177262	-0.008678000000000019	7.530768400000033e-05	0.031421816644000004	0.00103242	-0.07325657999999999	0.0053665265132963975	1.0658910564e-06	0.00325599	-0.00015353000000000025	2.357146090000008e-08	1.0601470880099997e-05	-0.00407511	0.0009843500000000002	9.689449225000002e-07	1.6606521512099998e-05	0.017647099999999995	0.0002637999999999946	0.00031142013840999985	6.959043999999715e-08	0.0	0.0	0.0	0.0	0.0	0.0	0.0	0.0	0.0
966.8293763986188	0.7446321514452166	0.5544770409659319	934759.043067342	1772.8355947302646	77.59901504968047	3142946.045942611	6021.607136680537	870.0948505043898	-0.22265547585698187	0.049575460929099036	757065.0488742564	868.7461338556633	1467.6651277502265	1.344029	64.76207	0.25795768	0.14305	0.1449284067	0.149307241	0.056076978099999994	0.0879336201	0.11140459050000001	0.029990708900000006	-0.1013592592	0.19833479140000002	-0.0183544131	-0.0528856784	0.0996929572	0.1620440466	0.1978359545	-0.0185831417	0.0474937487	0.10060559150000001	0.1572455703	0.0	0.0	-0.175238	-0.051183000000000006	0.002619699489000001	0.030708356644	-0.183148	-0.005886000000000002	3.464499600000003e-05	0.033543189904	0.0962151	0.09518268	0.009059742571982402	0.00925734546801	0.00227586	-0.0009801299999999996	9.606548168999994e-07	5.179538739600002e-06	-0.0048755000000000005	-0.0008003900000000005	6.40624152100001e-07	2.3770500250000005e-05	0.0173135	-0.0003335999999999964	0.00029975728224999995	1.1128895999999759e-07	0.0	0.0	0.0	0.0	0.0	0.0	0.0	0.0	0.0
962.2917327789596	-4.537643619659207	20.590209619033907	926005.3789747327	1667.2143133377888	-105.6212813924758	2779603.5665983944	11155.855082988552	870.4720824228815	0.3772319184917024	0.14230392032893036	757721.6462776278	868.9480840687164	1389.8342273942644	1.288795	62.100624	0.35550810000000005	0.17729	-0.110831988	0.0856135359	0.042144389299999994	0.0761430793	-0.11897446619999999	0.0221078129	-0.10016007730000001	0.1864014231	-0.0339237351	-0.1026117134	0.17642749300000002	0.0939316738	0.1855838511	-0.032405576299999996	0.0917201455	0.1831610911	0.0963422409	0.0	0.0	-0.101057	0.074181	0.005502820760999999	0.010212517249000002	-0.198802	-0.015653999999999998	0.00024504771600000004	0.039522235204	0.0433045	-0.052910600000000016	0.002799531592360001	0.00187527972025	0.00349148	0.0012156199999999995	1.477731984399999e-06	1.21904325904e-05	-0.00266117	0.0022143300000000005	4.903257348900001e-06	7.0818257689e-06	0.0181388	0.0008253000000000009	0.00032901606544	6.811200900000019e-07	0.0	0.0	0.0	0.0	0.0	0.0	0.0	0.0	0.0
959.9745824080716	-2.317150370888044	5.369185841306599	921551.1988695514	1707.3627140451465	40.148400707357716	2915087.437311609	1611.894079358562	862.0946427977684	-8.377439625113084	70.18149467241484	743207.1731406121	860.8477825875557	1410.8323792067536	1.022982	49.292431	0.184383	0.110699	-0.0242588563	0.0160819766	-0.135964571	0.0448538771	-0.0080188461	-0.0958473253	0.0255326327	0.17838480350000002	0.0620233191	-0.0542511233	0.1275320423	-0.0114107353	0.17817987300000002	0.0615716547	0.0494199063	0.1296159946	-0.010952048300000001	0.0	0.0	-0.128199	-0.027142000000000003	0.000736688164	0.016434983601000003	-0.234563	-0.035761000000000015	0.0012788491210000011	0.05501980096900001	0.12779100000000002	0.08448650000000002	0.0071379686822500045	0.016330539681000004	0.0029428	-0.0005486799999999997	3.010497423999997e-07	8.660071840000003e-06	-0.00272066	-5.9490000000000144e-05	3.539060100000018e-09	7.401990835600001e-06	0.018007099999999998	-0.00013170000000000195	0.00032425565040999986	1.7344890000000515e-08	0.0	0.0	0.0	0.0	0.0	0.0	0.0	0.0	0.0
960.8799401556174	0.9053577475458496	0.8196726510412944	923290.2593934628	1720.0855933992111	12.722879354064615	2958694.448619516	161.87165905808368	868.3946251582357	6.299982360467311	39.68977774219928	754109.2250037127	866.9504342125571	1419.4174985354828	1.108578	53.416882	0.2068434	0.125914	-0.014667194599999999	0.1262062095	0.0916938453	0.0635016915	-0.0060762848	0.0715805949	-0.1562132857	0.1835166003	-0.0614814496	0.0290794129	0.10717224550000001	0.0154749149	0.1836096862	-0.0577685983	-0.0363503236	0.1064585851	0.016096373100000002	0.0	0.0	-0.111024	0.01717500000000001	0.00029498062500000035	0.012326328576	-0.210304	0.02425900000000003	0.0005884990810000013	0.044227772416000004	0.0303296	-0.09746140000000003	0.009498724489960005	0.00091988463616	0.00366768	0.0007248799999999997	5.254510143999997e-07	1.34518765824e-05	-0.00294944	-0.0002287799999999996	5.234028839999982e-08	8.699196313599997e-06	0.0176018	-0.0004052999999999973	0.00030982336324	1.6426808999999786e-07	0.0	0.0	0.0	0.0	0.0	0.0	0.0	0.0	0.0
959.8522566354884	-1.0276835201290169	1.0561334175447674	921316.3545682395	1686.1013247021554	-33.98426869705577	2842937.677162363	1154.9305188736846	867.1400171888694	-1.2546079693663614	1.574041156797585	751931.8094103127	865.7991477983032	1388.1489332569854	1.107531	53.366413	0.1881904	0.125154	-0.1017723685	0.0082108312	-0.10524703380000001	0.1269707016	-0.0711363971	0.008454322299999999	0.168397945	0.17386629010000001	-0.039523175	-0.006622161	0.10890942529999999	-0.0194371979	0.1733894872	-0.0365323056	-0.0007352386	0.111520094	-0.0149162663	0.0	0.0	-0.109024	0.0020000000000000018	4.000000000000008e-06	0.011886232576	-0.237624	-0.027319999999999983	0.0007463823999999991	0.056465165375999986	0.132414	0.10208439999999999	0.010421224723360002	0.017533467396	0.00311605	-0.00055163	3.042956569e-07	9.7097676025e-06	-0.00256695	0.00038248999999999965	1.4629860009999974e-07	6.589232302500002e-06	0.0178034	0.0002015999999999997	0.00031696105156	4.064255999999988e-08	0.0	0.0	0.0	0.0	0.0	0.0	0.0	0.0	0.0
964.896218710502	5.04396207501361	25.4415534141756	931024.7128818248	1713.830106815643	27.728782113487572	2937213.6350277183	768.8853574972683	868.7693095764032	1.6292923875338374	2.6545936840757123	754760.1132618603	867.5249738132152	1429.4391691449216	1.199514	57.79861500000001	0.20656290000000008	0.115124	0.05185716889999999	0.1477508207	0.1178781448	0.0206193569	0.0034020637	0.0221886937	-0.2176830406	0.17768802179999998	-0.0367189847	0.0011547655	0.17703024480000001	-0.12510675429999998	0.1778087309	-0.034888811400000004	-0.011974350900000002	0.17704021809999998	-0.1188361083	0.0	0.0	-0.0969391	0.012084899999999982	0.00014604480800999955	0.009397189108810005	-0.197243	0.040380999999999966	0.0016306251609999978	0.038904801049	0.0388005	-0.0936135	0.008763487382250001	0.00150547880025	0.0035533	0.00043725000000000014	1.911875625000001e-07	1.262594089e-05	-0.00200693	0.00056002	3.1362240040000003e-07	4.0277680249e-06	0.017591	-0.00021240000000000148	0.000309443281	4.5113760000000634e-08	0.0	0.0	0.0	0.0	0.0	0.0	0.0	0.0	0.0
961.1828423833333	-3.713376327168703	13.789163747176929	923872.4564921038	1670.9205612995215	-42.9095455161214	2791975.522173508	1841.229096400094	865.7803197909312	-2.9889897854719716	8.934059937655785	749575.562137287	864.259725294569	1396.8521352561047	1.143757	55.111946	0.1439351	0.0675262	-0.11103195869999999	0.0050782077	-0.0815343522	0.10309702859999999	-0.1029661249	-0.0223271234	0.11394329369999999	0.18393141429999998	0.14508447289999998	0.0837774942	0.053232956799999995	0.12923487960000002	0.18291808910000001	0.1493719148	-0.0831584799	0.048024197000000005	0.1318917301	0.0	0.0	-0.0797404	0.017198700000000008	0.0002957952816900004	0.0063585313921599995	-0.22908	-0.031837000000000004	0.0010135945690000004	0.052477646399999994	0.0924994	0.0536989	0.0028835718612099997	0.00855613900036	0.00385103	0.00029773	8.864315289999997e-08	1.48304320609e-05	-0.0017476499999999995	0.00025928000000000057	6.722611840000032e-08	3.054280522499998e-06	0.017857999999999995	0.0002669999999999964	0.00031890816399999985	7.128899999999808e-08	0.0	0.0	0.0	0.0	0.0	0.0	0.0	0.0	0.0
984.3145932306488	23.131750847315523	535.0778972622821	968875.2184468176	1836.1573459410806	165.2367846415591	3371473.7990533933	27303.19499868098	878.5131389924338	12.732819201502593	162.12468481815313	771785.3353823394	877.0576008818015	1537.624579764361	1.542849	74.34223199999998	0.30271770000000003	0.180603	0.242131875	0.0738395584	-0.009216929399999999	0.1523672205	0.20211977949999999	0.027973928500000002	-0.0263636992	0.1764015355	-0.2793676086	-0.00557238	0.2107420098	0.081667714	0.17676246129999998	-0.273622777	-0.013849896	0.2145733843	0.0803010958	0.0	0.0	-0.231609	-0.15186860000000002	0.023064071665960008	0.053642728881	-0.157443	0.071637	0.005131859769000001	0.024788298248999998	0.0418583	-0.0506411	0.002564521009209999	0.0017521172788900002	0.00362011	-0.0002309199999999999	5.332404639999996e-08	1.31051964121e-05	-0.00167545	7.219999999999948e-05	5.212839999999924e-09	2.8071327025e-06	0.017589700000000003	-0.00026829999999999216	0.00030939754609000014	7.198488999999581e-08	0.0	0.0	0.0	0.0	0.0	0.0	0.0	0.0	1.0
